step,train_loss,eval_loss,token_accuracy,eval_token_accuracy,grad_norm,learning_rate,dev_exact_match,dev_parseable_rate
10,1.5585,,0.8809122577309608,,7.162765979766846,9e-05,,
20,0.2834,,0.9102744638919831,,0.38256439566612244,9.997477052386824e-05,,
30,0.2029,,0.955537562072277,,0.604838490486145,9.988759020760841e-05,,
40,0.1095,,0.9669148236513138,,0.9389929175376892,9.973825616615005e-05,,
50,0.1929,,0.9514982372522354,,1.5132224559783936,9.952695445111308e-05,,
60,0.0697,,0.9758370101451874,,0.6972844004631042,9.925394831812236e-05,,
70,0.1129,,0.9698719829320908,,2.0966901779174805,9.891957789882377e-05,,
80,0.0711,,0.9727214112877846,,0.22856949269771576,9.852425977712263e-05,,
90,0.1085,,0.9782554939389229,,0.038079820573329926,9.806848647017202e-05,,
100,0.1232,,0.969542746245861,,1.267423391342163,9.755282581475769e-05,,
110,0.1568,,0.9654054850339889,,0.10481369495391846,9.697792025984416e-05,,
120,0.1383,,0.9601763859391212,,0.8130550980567932,9.634448606616339e-05,,
130,0.0872,,0.9756094500422478,,0.2702448070049286,9.565331241384294e-05,,
140,0.1492,,0.9685384064912796,,0.5303885340690613,9.490526041918593e-05,,
150,0.1285,0.10083389282226562,0.9664134129881858,0.9652917379478239,1.4885510206222534,9.410126206182729e-05,0.7916666666666666,1.0
160,0.113,,0.9662128984928131,,1.0165232419967651,9.324231902360327e-05,,
170,0.1047,,0.9741277024149895,,1.6882755756378174,9.232950144058048e-05,,
180,0.0464,,0.9773874372243881,,0.07323040813207626,9.136394656979971e-05,,
190,0.0892,,0.9705050498247146,,0.017644628882408142,9.034685737239528e-05,,
200,0.1153,,0.9745424702763558,,0.09391673654317856,8.927950101485514e-05,,
210,0.0457,,0.986458332836628,,0.4818253517150879,8.816320729028936e-05,,
220,0.0851,,0.9704963073134423,,0.047746431082487106,8.699936696167346e-05,,
230,0.0929,,0.9721257701516152,,0.1577463448047638,8.578943002913086e-05,,
240,0.0799,,0.974798396229744,,0.6512873768806458,8.453490392341339e-05,,
250,0.0955,,0.978965112566948,,0.7442288994789124,8.323735162783022e-05,,
260,0.0685,,0.9792475581169129,,0.49733051657676697,8.189838973096531e-05,,
270,0.0683,,0.9779615998268127,,0.19841903448104858,8.05196864126093e-05,,
280,0.096,,0.9785953298211097,,0.08590082079172134,7.910295936541529e-05,,
290,0.0851,,0.9829441219568252,,0.5606995820999146,7.764997365486762e-05,,
300,0.0505,0.05676741898059845,0.9885858580470085,0.9841443502678061,0.12923051416873932,7.61625395202301e-05,0.9166666666666666,1.0
310,0.1087,,0.9708974361419678,,0.9878334999084473,7.464251011921329e-05,,
320,0.0314,,0.9937208637595176,,0.08218386769294739,7.30917792191708e-05,,
330,0.0434,,0.9912822604179382,,0.6899421215057373,7.151227883770094e-05,,
340,0.0739,,0.9796357452869415,,0.15464043617248535,6.990597683559337e-05,,
350,0.0348,,0.9933333322405815,,0.2416437417268753,6.827487446511966e-05,,
360,0.0344,,0.9874305546283721,,0.031519703567028046,6.662100387672207e-05,,
370,0.0343,,0.9920464038848877,,0.027199842035770416,6.494642558720726e-05,,
380,0.0655,,0.9802693828940392,,0.4022871255874634,6.325322591259883e-05,,
390,0.0452,,0.9888194441795349,,1.1808775663375854,6.154351436884743e-05,,
400,0.0167,,0.994270832836628,,0.0009392062784172595,5.9819421043636525e-05,,
410,0.0316,,0.9938888877630234,,0.3174963891506195,5.8083093942558416e-05,,
420,0.0666,,0.9843534484505654,,1.1133580207824707,5.633669631296671e-05,,
430,0.055,,0.98011065274477,,0.2808252274990082,5.4582403948839534e-05,,
440,0.1201,,0.9750333279371262,,0.003794434480369091,5.282240248001118e-05,,
450,0.0827,0.04759770259261131,0.9820033207535743,0.9849643111228943,0.3117750287055969,5.1058884649149465e-05,0.875,1.0
460,0.0853,,0.9748753815889358,,0.7240921258926392,4.929404757987142e-05,,
470,0.0908,,0.9736625149846077,,0.20586378872394562,4.753009003940084e-05,,
480,0.0392,,0.9834155470132828,,0.2059696912765503,4.5769209699178224e-05,,
490,0.0463,,0.988263888657093,,1.479081153869629,4.4013600396835676e-05,,
500,0.0649,,0.9750014930963516,,0.7902645468711853,4.226544940294853e-05,,
510,0.0524,,0.9866757795214653,,0.0013977345079183578,4.052693469596845e-05,,
520,0.0449,,0.9830257937312126,,0.03139076381921768,3.880022224873362e-05,,
530,0.0711,,0.9834829062223435,,0.13638120889663696,3.708746332993623e-05,,
540,0.0536,,0.9802833631634712,,0.6565014123916626,3.5390791823909594e-05,,
550,0.0825,,0.98063223361969,,0.03676554188132286,3.371232157207396e-05,,
560,0.0639,,0.9830471605062485,,0.24880577623844147,3.205414373935336e-05,,
570,0.0305,,0.9922957256436348,,0.6486916542053223,3.04183242088445e-05,,
580,0.0666,,0.9825610503554344,,0.05941946059465408,2.88069010079837e-05,,
590,0.0391,,0.9899720892310142,,0.07276546210050583,2.722188176941839e-05,,
600,0.0376,0.03577927127480507,0.9853142485022545,0.9886820884245746,0.0675046369433403,2.5665241229746982e-05,1.0,1.0
610,0.0578,,0.9836033418774605,,1.3369204998016357,2.4138918769242874e-05,,
620,0.0419,,0.9817203283309937,,0.6426680684089661,2.264481599562815e-05,,
630,0.0431,,0.980975766479969,,0.014097282662987709,2.1184794374907114e-05,,
640,0.0545,,0.9807332262396813,,1.122575044631958,1.9760672912211535e-05,,
650,0.0445,,0.9895833328366279,,0.15508386492729187,1.837422588554669e-05,,
660,0.0339,,0.989492230117321,,0.10177451372146606,1.702718063526195e-05,,
670,0.1045,,0.9711743339896202,,1.1399682760238647,1.5721215411999735e-05,,
680,0.0493,,0.9876602560281753,,0.1718502789735794,1.4457957285804292e-05,,
690,0.0224,,0.993983356654644,,0.021684329956769943,1.3238980118994954e-05,,
700,0.0319,,0.9961647734045982,,0.8220927119255066,1.2065802605329706e-05,,
710,0.025,,0.9895833328366279,,0.12106356024742126,1.0939886377901881e-05,,
720,0.072,,0.9779547780752182,,0.4080863893032074,9.862634188127296e-06,,
730,0.0372,,0.9887878775596619,,0.30179402232170105,8.835388158090713e-06,,
740,0.0931,,0.9834407523274422,,0.38293424248695374,7.85942810842883e-06,,
750,0.0225,0.033504780381917953,0.9974342107772827,0.9903248576623089,0.6178780198097229,6.935969963833095e-06,1.0,1.0
760,0.0386,,0.9901986390352249,,1.0058774948120117,6.066164238159017e-06,,
770,0.0252,,0.98945003002882,,0.7840798497200012,5.25109460102915e-06,,
780,0.0593,,0.9829055011272431,,0.7344323396682739,4.491776527715652e-06,,
790,0.0504,,0.9809246987104416,,0.14133110642433167,3.789156033984581e-06,,
800,0.0383,,0.9865277782082558,,0.4988528788089752,3.1441084974780378e-06,,
810,0.0147,,0.9941387578845025,,0.10455324500799179,2.5574375671026497e-06,,
820,0.0501,,0.9904380321502686,,0.532860279083252,2.029874161783074e-06,,
830,0.0084,,0.9980769231915474,,0.07270843535661697,1.5620755598280522e-06,,
840,0.0542,,0.9903929382562637,,1.2978694438934326,1.1546245800434896e-06,,
850,0.0495,,0.9920651018619537,,0.0016106006223708391,8.080288556127913e-07,,
860,0.0335,,0.9934375002980232,,0.10843698680400848,5.227202016491295e-07,,
870,0.0297,,0.9911445289850235,,0.24987809360027313,2.990540772075723e-07,,
880,0.0236,,0.9954166665673256,,1.5933411121368408,1.3730914242739423e-07,,
890,0.0279,,0.9939980149269104,,0.7585656046867371,3.76869113561995e-08,,
900,0.0325,0.032949719578027725,0.991809906065464,0.9904274670582898,0.9287666082382202,3.115008885612447e-10,1.0,1.0
