old_commit	new_commit
01c7da57742f12c061554f593a544411eca9d1ac	07bc633324b84ddeecec3bec70b7a654f2b6f3b6
035bba5b30b5b2d755e57db0ad8b866f4d4aeb06	84cc20f57436bf1972dbd1810b57b3a96e769e54
049bc87475e9e2386bea6961455f00be9af58b61	8b14f05da0f464b2525f1c8a4d491251f25965c7
0c64c1da1c797b45e6d3e66da1956eabeb6c8cf4	1a7c9ce3cda8924297eeb972ee6397c11800012b
0cf5bf2ebdaf442188b8700257fd94c4986775b8	52fd31cb8857b0829b40b5aad98eba54a1dda865
0d7de510adaf0257fda020380a2e869c74de0788	d0dc4dea35b74b35e2c43ddc58e74bd54f4cc38a
0dd68f6a4ac39133dd6fcb10c2b7eb2c05a7db93	0dd68f6a4ac39133dd6fcb10c2b7eb2c05a7db93
0e4d189417fba2401a8e03b2821f29cc3b825afa	b64cfd31fd1dbcfd00c2785f6582d961928cf19d
1035e0be15e6520f6ca6cc376c8fa0a06e41f8d2	ca7ebc6dc3968848d61414073702031d5ce53cd8
120ebc4ba51323287d1e6066a244e90960cd2873	93fc31612fac90e9e6930624cee37909ade6a6ea
122c1fcdf20a421a857331a8df8e2fcc82cd6804	23855c9b17b5de3553936ecd960e97bb3ff6a754
12f2c1f3a4c0f7591974809cb5484890337aeaf8	1ec6fb2e649071b0f060d220c6983f8bb555dd5e
130affac7d440bbf054a65fb98f206f508b57392	b2b957880443975ee075b0607f447ba78fe764fa
13ce34ca53890a7b74b330ea3f433747408fad6e	73f62050b3ea3816f7468a946fd13ded47b48136
14a44085a05b4b0da80ef1f039ad10a3ecfd5b92	45c5dfd2835e86b34695fd4e570b71e4e9bb34c5
1629abcecf80d5d5eea7649de08f5b4b515770e6	9cc1f12ed02360c8a2064316760d44202105b9ff
17e6360d80227f3a0caf189efe4331fe47914dd1	d742dac95747e3e89422dcf4e2d69eb536d81a66
1878d391ab788bb20c869ed025d456e416b509aa	638e1f858fc52d1ddac51f0b7cb18e4c98d5eb32
1a961407dd75259322c1c46af919ae2ee6444a98	772333106f84ddc033e417596d373122c262392b
1aa01e2b7d16700451c9e5f98b201272f677a87e	317da55bcf8faf788c0975f3d1546eece2b16056
1b065f61cdba1ea2dcd8170b63a1a0b0a4d0b0e5	9990d85d145fbfe06c0c3cfa73d8e51303000db5
1b4c31a0ae89f7714b148461a74276c51c8f9991	8ece493d78d033e4d3ad85d22f65ce1cce73d2ee
1b5808e9a2b5d6db2161cf3986d92b05e990d8f9	ce4435e5582eeabd6ae07e387b92c0e9b73985ef
1ca8624cb8328084294669b62e022d326a59eaa8	bdea9bf9b09be58e9c0a9a8b0f48c1734ea2d3a6
201b21bc63be28b47d81f05efa020ad8422d9c8c	cd031e75b16a598a43d300ad60b1e514a78aff3d
20bbc1d04eda6838998879a6da46a35252b6ddb6	10a6f5db328d9ee63843d396d6a660d16cbe78fc
22875049ec06ad039767c7716d545ccc69cc0753	b40db4efb6e3b9a362da4e50b216c2794a0e9f9d
2389b5ac7a412f0992419ca675ec06d9ab461df9	ee6bfbbb1213a2e15f9fa975cd12720aebedc6ca
246304af036fb2e839079964f4ab049254b38156	246304af036fb2e839079964f4ab049254b38156
2a70883f0b2c8e49a08ba860fadabeb41e93acfd	1e770e5013f5ed7f98350f8e16f0fba151c11cb3
2bd2626b23a4039d4f5509d57bbf14ade1c25c83	9898f39e3417deead172fc50d1ade31db5fd11b6
2d9771e857e47661bf6568d31a35b641a717bca1	ab4ede6775fde2b9ccb930ebbe2da0d861664f16
34cf4d91b2e169e2595b4741c0863af20df11c3e	8df0155d5181877bae42525fb4204655e703cd25
3677dbf3917cb3110d0096b3bd65708d3ea1e52d	be7b83ffb7668570d8b977b5c561e7f1e00c5396
370860ac27779a0fe17bb7c44541bc11ca0816ac	7b205f10d592bcaaa0708a6efe4706456478caf7
39769896e7d2b214acf8341993aedbbcfc1c3f43	8b896e37d4f3a3bcc6e595d586c17e380299f9b3
3a4586b3bfde1e053fc274d056247db09959dff9	60c73277a9ebe21c150e1a51e6501265a732ba9a
3b72cefd2c987aad872b6f7ce2323e5b9c640446	32aa6cbf21df716a6f3e2d7ef2ca22dd11239d64
3c086b4f20d7123dbe24ce9994d49d42bfce507c	9d0d0831a6b82261902ddfeae8bbfcff3d507c58
3cf93f007d88b5eb673c373504a5b06a391afd50	3194cc3a9e1737203e4997d6ca513b407e089e25
3db73006f6f938e56bb5d7915129a7deee98b973	3db73006f6f938e56bb5d7915129a7deee98b973
3dcf2ab08191c45f15db5cdf8adf2fb2786f22af	3dcf2ab08191c45f15db5cdf8adf2fb2786f22af
3f05fd1be3d44aca2c955250dce4a986245a87ec	620ab5b2380ae9e6f83ab245f6288dcdb85205ad
427450da183a56ae8365808e8f064e0300cccc5b	6a087a38a0b7203abec1199120b5712ffcbd5faf
42e97587ec00d607a5abb6e24709ae36bdc8007f	4f0524d8fd675242fa2d7756c41ad2897a4f0886
43616966ade02eb7c53f12106cfba90c7fa7469f	971bb8600b4880f421bea83c6f8201a8fbec5894
46187245ef7ba1509243e7f5bdcf708bb9e176bf	0e0ca11899336469f9476583a6a4c44b528f11a1
494940126036c48e01669bf859d435fe26b050bb	455b89875b4be15b0b08f6029e772035fa29809f
4d53fa26e6d4f908befb18e066ea0d54b1d4fc39	730efd0b6925a91cea3998e6644042cd0db02b7e
50d7e9da419da732f9b3e17935a8ffc2b27546d4	52415416349ed827e3ad61db7bebb133f3d0c66b
52e4b7623ea0b86f11092feb7f30adffb33f8816	9199f6550edf04a72b34d00a8e88b5e6bab6efc1
586f7ccfbc10e7860c84016255c8370075e146bd	586f7ccfbc10e7860c84016255c8370075e146bd
5978b39acb15243695a146a7d874e68ea850a6c4	de60a0d154764f3e3617f811cc809425e2e0bb77
5a2fc9064aef3e74204886a3b4a7b3057ca138bb	0886e3937178ccf257b3be4590c94b289ce70139
5a90fdf97c152b36ba062958fa7d8bfb25e3d4da	070ca697c6a72457fbe41b22475f05d3a35d20d6
5c4a13091893273510794e45872eac3c59c3ad21	4cd1e879a31d54883e913c98c92efdecea17acf2
5d103f25d69c7e5236cbbe558285250a8991da85	ed2e92752e74423f8eb4b38a2fa301b9a7bd5bf4
5f42f8e0aaec58398c7d0cc790d135c9444e3b47	3d0d4c4e305e66a09518ca2a25636542411da136
5fd7b21d21a29e1f0fe16adc04e292efcf6953bd	912f3ad9313201b3921da7d05a63a36b40660bbf
60f4966fac1859e6c17ceca15575d763c8ad83e1	c2f06ff7336ae6c3a5da82b4cb7ce22954a673e7
61a65bc46f1855b7ce95223455cb734e17aa2f4b	a39e07858633c99509b6e79a595543cbaff20d8e
61e936d27347457c9c6156d6b6729c4968afdc44	1902e562b3425a237c76ea42f0331767278af155
627138ce0c2439e3975407fce13daa7b48035499	627138ce0c2439e3975407fce13daa7b48035499
63746aa6c1ec0ce298180f77d4b15ea3180841ab	6988a583c8f1e472a777e077ff1ef5a5132ffe78
651a965048dbcd9c196dcddadeea4f7d689f709f	651a965048dbcd9c196dcddadeea4f7d689f709f
66c4a99dba05aceaebe80276ffbffc607c3d2e40	1ea270ebddde450eb73d5be2254069d9f0083971
67f665e4032ee50ddcb76b040484a6adb7a8a9c5	a7cde0ebb69c5e6ad88639827a529bab37a02e68
687d19afb6e943fa6e4300629a84602c6d4dffa5	cdf56d071cfae2d6d4c3459c2344b35d10c5c781
691e47958a10e8b99414276691273160479da79c	c2de8f1603df4cd7a907740b4b5cf096d8700ad1
69980247dcc4c44f1bf4f3c2de637fd2e9f1b0aa	73e7b0f8a784c9a3d44a1d7a054e4cc06bf9e401
6a823a3400e727b4203b1104bf5ebf8ab79483d2	d97fd796c2eccea8522075c80ffebc5094f93341
6ae1ef5c53c664975cf5b3d3f08dee0ec7712a1b	ce68f8a6002757fef10b1503bff2debb09fcce08
6b0a61b6212ea52b379d3adb3f30c9a3692c7919	6b0a61b6212ea52b379d3adb3f30c9a3692c7919
6b81d4240b3c73245885c791f09b68f5af0e5639	30598e6710f1e7545343edf548ef9c3d417fcfd6
6be18b2c912922062f9611f9d8734fec84945028	4ddb8ad15b168d50317fb6aae383643986124d56
6d661cc6136980a72d22ac5d6b669c5359e23a3d	354f7dd63f86572c82113450fc2fcfefcec696be
6e37a539905cdccdb83832eb6dc8582aa25a198c	6e37a539905cdccdb83832eb6dc8582aa25a198c
71659ed10960b307581269d6962e135e5cea777f	008d80eba3d0c97d11e3bd5818cfa52cc3cafa5a
74f80daaedb1eda3d31e7c97aa1e2778d17af8c7	850e7f4da96efab3191d59e31552d3d0b2fde44e
75f3422b21ea53c870edb8abfebdf95632249192	9e9415a79160c1103516481de3112194223dfe2a
76a2489a0b9fb703cd32a08c9cb114dc7ad3a0cc	cc49614033c60d7d65b38eeff5f8b2268d40af25
77ca915ac5e41f7d6d1a122181c0051791404748	402f873fbe1826d4ecb4aed0bf5ac765dd7ccbf9
78a434cbaa5bcade44c156b633729330c7293a87	b948237805ca3f24857651b273850664b82c45a7
78ddee42e61b257d6e0f091c9a414bb2bf22a524	78ddee42e61b257d6e0f091c9a414bb2bf22a524
79881843607a7fb3f1e814da8e78bf4b4d0c9792	9c83dfc784727557f46b55a765d8e16b34e8ccd7
7c270520c04b1b5c576f22152cbb8d891fc66710	fc6ddc078241248f600360b1ede23ca88b4b7122
7d28f3b8dde8cc5c9766f69696e2a0d2141e8c86	7d28f3b8dde8cc5c9766f69696e2a0d2141e8c86
7ffa6fa0bc37c6ac14c55e8b832242f777f07424	44b24c4ed04d35ae5bba6a03bfe0519df5f1adf2
809a42f8e8ec23fb0748ace9634d31098bdefd72	f62fb18d38f6c8470fd6e3f08fa88ed26a6607cb
8161f0cff6800b7c0f5e37c09de97942456d6681	432a678dfccd525273e24687707ee1b827f7210c
83280cbbd7b50bbc728ad85022768b125aebdc2b	16788b9319d37410c223b16dcf4e2e9fe044a58b
8744f4cefae47af91fbc9b9a2e5df6f64e3eab3b	b3d3eb00d3d7da36c814278d6acf66e74bad1eee
8774fee8baab6cd731537a892465d3c6284fb826	21ad6e7003fd1762796af9aab17aa08a1dd3b741
8beec1b977793929a1ccbb50549bf59d484b0b18	abdc0f877b2761b45d0bb1463466669c043295d0
8bf0ed5d5874bd27f364177fb53b66434da14d62	112727df9f01e656bb7623df88c6c18fe699598e
8c2f3b30392f45a654fce878b2474a7392b503b8	21ee4ddbccddf371660c534abb97979b32b2ef09
8cc8f2977164b1d19d3deaa64b3e88417c495de2	343b601d0e941a1d3ca0a90360fee4aac19cd7d6
8dd2b48a2a985bd170d17824e051fd78dca43318	51394463ab072ae6b460811fba99646fc33178e7
907bc314b4e146ccf189e2e37a56940f79aa693c	58a9f631ad7bb78bff6ac17c7e559c6f46db6b65
9266bc58279fef07ce3126a3379fca9f8377744f	4954b43711b3bf6fc41a3585ede221701ec010b6
973c6b4d0b7548468232eec11ed0a57827dd053e	9e00021d851866b69d6ddf8be7d410325757f6be
99a7e9fb9f76e5918ea539f7dbce6957e29b9cfa	bc96883365432ac5b52255a0046ccb956231509e
9ad99f2511f5fa19b94defe178ca477df268d2b3	554306635b650b959d5142e25b3c966d86e59c7b
9c11d19d2a28b0008c29876827c4c36c13642371	97d75502a0ed12e9a81ababc81cdd237b3ad7a99
9f2cf67dee2ee9849953f6c479e23fba6d814715	04fcce87e82119ab9daacab581039e0a7da965be
a0031ac22ec664e7a7f90a3f44fa7f86eb9648f3	8a239cf50ad925ee85ed7ad8524441ee258f2ca1
a044ac99184468d82fcb1f630ab718233475b461	78f7d23c3fd33048c797ccac6bde7dd4aa2cd3ad
a0f124f90e8d3615c7135176cd8095d02016a13b	a0f124f90e8d3615c7135176cd8095d02016a13b
a1ba5a2770ae5ea7aa492250b54a9b50027195ff	b31403da3f886cfe7658b73ae727d29a24fcef6d
a419450dacc21b1bcd262b8de57ba6ac57c62e71	69f0087136b2b4551cb260e078c3da1ebc690e79
a4d0403234b765d4a97ca6ee5bbdf72d5fc6c35c	118ca428cedf2e81d24aa87e83bee52ae65b848a
a60b1af939596747d19a9a54d9a636b8e0f334e3	a637f8decf0ed53e52af25ae3afece67679a179d
a660756a67728359f8c06982a90ef37c3d6fa611	ec9a95d3175193f6e4a4ef26331e6dd7a310f5b6
a706ab21f77d823b9cec69e35f6de74c2f8d7f33	ff7d9b32e09268c93fd033ebd040a71df004db7c
a77ea0fdb21b92d827c306ecedd57962e62fd82c	f6d77c0f82cd4f2d6bcca9333e9035ba7a006c61
a9628dbe18c5054d34c2483243c33ac54efffda9	564c989c5da3684ef1bfd82cbfb9cf768f901fd6
a9c7d0e52e178c2d1eebdb0cd42ee52478ab6c10	61fd7803fba5b1873232cff1571f9bbaf8adca9d
aa3511f0ca0d0da74c1ac5619439b2490fe4ffe3	7df05fc17ec00e87445d7031153ba9bc040e8b50
ab2ace529291f945c98f990fc72cd36fd407bac5	97fe65ae7649b8b54d016547e4e722f073cb6f0b
ad885a3c092f4ad1fd198e881612a8007744a7c0	2f3c8c6afef243c2f91c440e505388110ce25213
ae2fffdbaa701a1c3b49956a4da1653901953e12	773704c9cc5088f1971740c1cd113b4ecca795e5
af701f55b0447b43b6eecd213470da4789929f96	700eac1c24be23cdd3bb052ccc01715ed125f9ba
afd48ecd6d4d66cd001adfd3e66dfe464345cc15	7892e2894217ac90a15ad0a69f08ecf24929fc6c
b2117a531cccaccc3e9be770feebeaa6747e5127	56523d156490f6f702bbcf045f06ed2ffad43e83
b2d272703f2f298e203d46d47aed01532c7456d2	b409164517815ce1e1e4392912cb33ff33f96e7f
b3c76b9fd774c782170f7adf7389e08fdfc754c8	b3c76b9fd774c782170f7adf7389e08fdfc754c8
b3e5f44b33f10d8ecaf73f3e837e84b5cc59fe9e	b3e5f44b33f10d8ecaf73f3e837e84b5cc59fe9e
b58640ee2241fa822e35754f662698aeb8846ba5	a7ee012d7cf9ba22527cd00f9c078656c743cf1e
b5cadeefafeca4de5c3a145aad0f37b4be6332cd	b9e611878ec1801e622d50d646fd844454a668f2
b876571e60bd8e32a3bb83ceab8a22322cfc26c6	b3d2d7d1989276b411240cc83c35dc452b00bd98
b8e151222d3496644fd373cacb57b2dae37ddf74	f70caca420e888a5a3ba8478840e39164b11d4fc
bace4ed9bb87315ab5f8d2d6554ff0a543e13065	8b3c3a550b757ffac68a93e3ef3638452548d5bd
baefe9e10d6a2b4405676eeb310f2d600b42552b	1639dafaf19d6bc604ea853b455e34b15fce04dc
bda28f2749e164b8110b3ddf2dbcaafbf5d1f4ad	02708628f83e707dc578a8667cb67633f1a00b52
bdf761b879fa902e3c5f75693f37c34a905ea95f	f80cf42ff75bfa98da46c1a4ac747a21cc265bf9
bdfda5cc6e31725cddb6f45ce194ff1333f7c05d	c60e1af2eca51763265ba6a1b2094a6a38f38388
be54691bbf003799b0feea2c129ab174c4c6289c	47515ff417fed84f547fbebb06a2a2c11b1a66c7
c0e42096facbf0929c21d0f8142ea6141ab3a57e	c0e42096facbf0929c21d0f8142ea6141ab3a57e
c17e92ae618d92167b714e246144a7032cdaaa8f	d5da4d3b186363916dd1dda916fef46c640967af
c1e7d2a2774a9a1cc14e5233c2f407e471ee2ecd	c1e7d2a2774a9a1cc14e5233c2f407e471ee2ecd
c3715e5126fe74ea5c95ed4af6d9ccb007a2de84	ee995cc34d9d98ff5bfa82fb8be7c03502403573
c3c8af18704586948c7940b2fac86b292cb966fe	be2ee964a9bf3da66009ded69626d88bb4882f98
c69464f09189a4d9ac6bd97f4e8b316068ba74a0	6e19c80d0dc578968b4f0b5354f652e3871a6a82
c73495e6ffdc44b96d55e1e29d7eab21766c080b	1d7cfa4d0bba59fdf854dc923875ba329ec62933
c8f379a8583e1908270f9d2ccba428306ef3fc4a	b27ed8f0a8ace66202290568011d0f234ec956a2
c9992421c705cd610dce6b7584883d556dd91e5e	8d2ddf34ec793cef2d7fa7bab69b174be714ec5c
caa5869c39f8b3d78541c2fe84c03eb519405da4	3bc8c457e0b9fa11da4a307f24d29429a23ba64f
ccbd89b443e4ead00b3de7947bab617fd4b7a010	2a14cd0e5fd9cfa71ed6925f943c45868a46dfdf
cfe511311c13b4aac19e59fa2f7ac34b6489ef06	cfe511311c13b4aac19e59fa2f7ac34b6489ef06
cff235180bcaa8b80e2ac273e5668d40eae37389	f7555702d1b0a06fba7d081c65b1a56bd0d5fd88
d1c8b4acf4c2cfd207261515f9e47dd43e19811c	2b8aa91dd8cb5e3da2ed9dc8e2b2830a7884e7cd
d4651fbb4c09b345d7f61e2eeb7bb9daca9d0949	f14d71badeae551e3d0e9166b1dffdab2b5602b0
d5275b6c97457f9a32ecae976be160054da9d97c	b0cb0a75c04ae29e06930ee8a3c317b999a2d2f3
d5b4a508f1aca30628ec4d9f57d855c0ea0cf44a	616d211491e27fb0549ae58c46b7cc4ce88844c4
d6089737c02889b4e775fdf6224ca5a1c5023826	ff7348a425b8ac12bcad4997c165d31e89b3eef5
d7c43d5bf08f8226460c1e22fc74da3211fd7240	32951b3bb903db217a60085c9c5d3b8e9a271287
d882bc1598212a48f7c227addf1094f2bc3c9cf7	45738b53dbfeae26a2350e0d4e6085865d75d2bc
da6e21c42789c8a251e45592ee4c7843898f2372	244e2527d5382fd2d0095b5e173da859365fa349
daae86b15abee63b8e1ae1f81612410749e14f4d	88b7b214b478856d049bfe12b136428a4b093ad6
dbbcfde076e1334bac333dd41d07eb53596bb0fe	dbbcfde076e1334bac333dd41d07eb53596bb0fe
dc3739c36039fa95ff4d4e356004fe7a8299f4ab	00ccf98f5df988a2f26fa47f3dff2a1309a81518
ddb2e4f94f2f6a7768826eecdb5e6090676a208f	24718999f83d33b1eecf19ac7b4819af372c059a
df92a1d23f1ab30f62910caed7b2dbe4d417f326	8dcc921260bea6654c6aafd803fd14ed88412b13
dfba1b41e6a5ba168f5aa711e47f25c7fe8a0a2f	982fc638ffaf14993c55282103c197f40610ccc5
e2cede8781a044bc083e399b3c856dcd50d28ee6	f38d76afa335b860b17b4682eb92a5e326ff4d90
e321e067e58366ee33ebce817df31be22c09bf2b	4040015b21a496484350fda796b4934a1078f4c9
e33a5bbd2c26952d6c68890a39aa6b90816dd231	9e9f9f42c67616036623e9c7e8b953e1b9785f86
e996c048c879a61f083e06dfcb72e3be081f43c0	fa68aeeca2b01d5dc9f23b7e038b769246b26f66
ef12ce171418693604f63aa0e0d38eec56d52141	3e3df1b00903f66f7fb44ffab3c649b4b08264c8
f07090159e4b784fc27fb1e28301f4395fd6da48	6a8af5df3a08fe2bb6c8f7e1d0167a3b492c59a6
f17c8a6d0ce618d6b375ea1f0193fed1b4b0ee9c	d64c65cf2c5131e8e052c7ca0e573e1e8651d6b2
f3f8190ef554ca58403182419415d0bcdf0b1f86	f3f8190ef554ca58403182419415d0bcdf0b1f86
f54fe67c53b44b39d5874df28632317b69477b52	4d64bec95f79d1283bfa97ff57f9e50c5b338a3f
f6595123dd8faee6da52351da7ea21048b423d98	fc0845201e4e0fc6042d5fd54ad22999b09bc4e1
f6878893ad010294fd37e28a444cd8e179d1dd5e	0a610b84a2a7f58cc130ea8dad3970e1b8790c12
f688474074497eb9e60fa790dfbcbaa51381ab7a	5aefea0779cf91121eed458dc3262a7e163f1e00
f7ab7b96bec2c48b47cb869c28c82af6a7777757	f7ab7b96bec2c48b47cb869c28c82af6a7777757
f93c8c5163cc671f3d45e555ef986ed13c7a4d11	b7539a8ea0a2b99c7fcd5b4347246cd658696f54
fa206449d37ce9efaba2c67a6d6312ed7bbeba9b	7d28421544c9421f7cf7a080375e869efd2970f1
fdf4890c67bee5881e53fc43926d555a63f9cef8	9e207473a2f13fe27b80a765a9a6c2d1778a13ae
fe1a896f40a094b32c7e363abf69b1dc951fb623	efca8f94183d9c77bdf234835cccab444747a798
fe5554c4ac4f1bfee152d2dd8d9d0f62f9e74d9d	ceb40dab05156a0b8474400a7cb60543d89db8e0
fed43db8ed11d7a320db9eaf8d82c7861d0661cb	942a1b707c6a638c33351c61aa10028e3c33275d
feeb77028c5c987b18a6cb2f27a402d757241d5d	e28184f401aa23f021a89b6d929a087a1fd7fd01
ff58f77c8cb3d9ee9e6717a7d0504b5ffa5ae5db	3a7a1b268850c4620b5451c8fa944caca1300b05
