dimension,planned_primary,complete_pairs,origin_base,origin_cf,repair_base,repair_cf
scene,200,200,0.3059375,0.0540625,0.6909375,0.6946875
human_action,1200,1200,0.8891666666666667,0.0,0.8891666666666667,0.8891666666666667
object_class,14,14,0.9910714285714286,0.0,0.9910714285714286,0.9910714285714286
subject_consistency,240,240,0.936416570097208,0.8163817012061675,0.9514129181702932,0.9417236382762592
background_consistency,188,188,0.9468453265250998,0.9347057586020612,0.9629986490609952,0.9595924896397643
dynamic_degree,450,450,0.68,0.8577777777777778,0.6292510385097527,0.6230354263020348
spatial_relationship,106,106,0.5597319946651382,0.532152885100321,0.4441518500833803,0.009378770197988433
multiple_objects,980,505,0.4142326732673267,0.027722772277227723,0.3982673267326733,0.01782178217821782
color,5,3,1.0,0.7166666666666667,0.9583333333333334,0.1875
