Scheme,Transform,N,Families,Original,Transformed,Delta (CI),Invariance within 0.03 (CI)
Origin,class_swap,1200,60,0.8891666666666667,0.0016666666666666668,"-0.8875 [-0.9275, -0.8417]",N/A [N/A]
Origin,identity,1200,60,0.8891666666666667,0.8891666666666667,"0.0000 [0.0000, 0.0000]","1.0000 [1.0000, 1.0000]"
Origin,mixed_oov,1200,60,0.8891666666666667,0.0,"-0.8892 [-0.9283, -0.8433]",N/A [N/A]
Origin,oov,1200,60,0.8891666666666667,0.0,"-0.8892 [-0.9283, -0.8433]",N/A [N/A]
Origin,synonym,1200,60,0.8891666666666667,0.0,"-0.8892 [-0.9283, -0.8433]","0.1108 [0.0717, 0.1567]"
Repair-model,class_swap,1200,60,0.8891666666666667,0.0016666666666666668,"-0.8875 [-0.9275, -0.8417]",N/A [N/A]
Repair-model,identity,1200,60,0.8891666666666667,0.8891666666666667,"0.0000 [0.0000, 0.0000]","1.0000 [1.0000, 1.0000]"
Repair-model,mixed_oov,1200,60,0.8891666666666667,0.44458333333333333,"-0.4446 [-0.4642, -0.4217]",N/A [N/A]
Repair-model,oov,1200,60,0.8891666666666667,0.0,"-0.8892 [-0.9283, -0.8433]",N/A [N/A]
Repair-model,synonym,1200,60,0.8891666666666667,0.8891666666666667,"0.0000 [0.0000, 0.0000]","1.0000 [1.0000, 1.0000]"
Repair-rule,class_swap,1200,60,0.8891666666666667,0.0016666666666666668,"-0.8875 [-0.9275, -0.8417]",N/A [N/A]
Repair-rule,identity,1200,60,0.8891666666666667,0.8891666666666667,"0.0000 [0.0000, 0.0000]","1.0000 [1.0000, 1.0000]"
Repair-rule,mixed_oov,1200,60,0.8891666666666667,0.44458333333333333,"-0.4446 [-0.4642, -0.4217]",N/A [N/A]
Repair-rule,oov,1200,60,0.8891666666666667,0.0,"-0.8892 [-0.9283, -0.8433]",N/A [N/A]
Repair-rule,synonym,1200,60,0.8891666666666667,0.8891666666666667,"0.0000 [0.0000, 0.0000]","1.0000 [1.0000, 1.0000]"
