Scheme,Condition,Axis,N,Families,identity,evidence_mirror,prompt_swap,evidence_mirror_joint,Mirror delta (CI),Expected trend (CI),Response >=0.03 (CI),Four-cell pass (CI)
Origin,unique_contradicted,all,300,36,0.7074425934246553,0.7074425934246553,0.7074425934246553,0.7074425934246553,"0.0000 [0.0000, 0.0000]","0.0000 [0.0000, 0.0000]","0.0000 [0.0000, 0.0000]","0.0000 [0.0000, 0.0000]"
Origin,unique_contradicted,hflip,167,23,0.7924282566462078,0.7924282566462078,0.7924282566462078,0.7924282566462078,"0.0000 [0.0000, 0.0000]","0.0000 [0.0000, 0.0000]","0.0000 [0.0000, 0.0000]","0.0000 [0.0000, 0.0000]"
Origin,unique_contradicted,vflip,133,13,0.6007312719359377,0.6007312719359377,0.6007312719359377,0.6007312719359377,"0.0000 [0.0000, 0.0000]","0.0000 [0.0000, 0.0000]","0.0000 [0.0000, 0.0000]","0.0000 [0.0000, 0.0000]"
Origin,unique_supported,all,353,34,0.7603463746947009,0.7603463746947009,0.7603463746947009,0.7603463746947009,"0.0000 [0.0000, 0.0000]","0.0000 [0.0000, 0.0000]","0.0000 [0.0000, 0.0000]","0.0000 [0.0000, 0.0000]"
Origin,unique_supported,hflip,248,22,0.8114059294026129,0.8114059294026129,0.8114059294026129,0.8114059294026129,"0.0000 [0.0000, 0.0000]","0.0000 [0.0000, 0.0000]","0.0000 [0.0000, 0.0000]","0.0000 [0.0000, 0.0000]"
Origin,unique_supported,vflip,105,12,0.639748569289347,0.639748569289347,0.639748569289347,0.639748569289347,"0.0000 [0.0000, 0.0000]","0.0000 [0.0000, 0.0000]","0.0000 [0.0000, 0.0000]","0.0000 [0.0000, 0.0000]"
Repair-model,unique_contradicted,all,300,36,0.0,0.7074425934246553,0.7074425934246553,0.0,"0.7074 [0.6120, 0.7962]","1.0000 [1.0000, 1.0000]","1.0000 [1.0000, 1.0000]","1.0000 [1.0000, 1.0000]"
Repair-model,unique_contradicted,hflip,167,23,0.0,0.7924282566462078,0.7924282566462078,0.0,"0.7924 [0.6850, 0.8843]","1.0000 [1.0000, 1.0000]","1.0000 [1.0000, 1.0000]","1.0000 [1.0000, 1.0000]"
Repair-model,unique_contradicted,vflip,133,13,0.0,0.6007312719359377,0.6007312719359377,0.0,"0.6007 [0.4705, 0.7278]","1.0000 [1.0000, 1.0000]","1.0000 [1.0000, 1.0000]","1.0000 [1.0000, 1.0000]"
Repair-model,unique_supported,all,353,34,0.7603463746947009,0.0,0.0,0.7603463746947009,"-0.7603 [-0.8992, -0.6223]","1.0000 [1.0000, 1.0000]","1.0000 [1.0000, 1.0000]","1.0000 [1.0000, 1.0000]"
Repair-model,unique_supported,hflip,248,22,0.8114059294026129,0.0,0.0,0.8114059294026129,"-0.8114 [-0.9656, -0.6337]","1.0000 [1.0000, 1.0000]","1.0000 [1.0000, 1.0000]","1.0000 [1.0000, 1.0000]"
Repair-model,unique_supported,vflip,105,12,0.639748569289347,0.0,0.0,0.639748569289347,"-0.6397 [-0.8175, -0.5058]","1.0000 [1.0000, 1.0000]","1.0000 [1.0000, 1.0000]","1.0000 [1.0000, 1.0000]"
Repair-rule,unique_contradicted,all,300,36,0.0,0.7074425934246553,0.7074425934246553,0.0,"0.7074 [0.6120, 0.7962]","1.0000 [1.0000, 1.0000]","1.0000 [1.0000, 1.0000]","1.0000 [1.0000, 1.0000]"
Repair-rule,unique_contradicted,hflip,167,23,0.0,0.7924282566462078,0.7924282566462078,0.0,"0.7924 [0.6850, 0.8843]","1.0000 [1.0000, 1.0000]","1.0000 [1.0000, 1.0000]","1.0000 [1.0000, 1.0000]"
Repair-rule,unique_contradicted,vflip,133,13,0.0,0.6007312719359377,0.6007312719359377,0.0,"0.6007 [0.4705, 0.7278]","1.0000 [1.0000, 1.0000]","1.0000 [1.0000, 1.0000]","1.0000 [1.0000, 1.0000]"
Repair-rule,unique_supported,all,353,34,0.7603463746947009,0.0,0.0,0.7603463746947009,"-0.7603 [-0.8992, -0.6223]","1.0000 [1.0000, 1.0000]","1.0000 [1.0000, 1.0000]","1.0000 [1.0000, 1.0000]"
Repair-rule,unique_supported,hflip,248,22,0.8114059294026129,0.0,0.0,0.8114059294026129,"-0.8114 [-0.9656, -0.6337]","1.0000 [1.0000, 1.0000]","1.0000 [1.0000, 1.0000]","1.0000 [1.0000, 1.0000]"
Repair-rule,unique_supported,vflip,105,12,0.639748569289347,0.0,0.0,0.639748569289347,"-0.6397 [-0.8175, -0.5058]","1.0000 [1.0000, 1.0000]","1.0000 [1.0000, 1.0000]","1.0000 [1.0000, 1.0000]"
