Scheme,Transform,N/planned,Original,Transformed,Delta (95% family CI),Coverage
Origin,evidence_mirror,980/1300,0.2980998448108246,0.2980998448108246,"0.0000 [0.0000, 0.0000]",1.0
Origin,evidence_mirror_joint,980/1300,0.2980998448108246,0.2980998448108246,"0.0000 [0.0000, 0.0000]",1.0
Origin,identity,980/1300,0.2980998448108246,0.2980998448108246,"0.0000 [0.0000, 0.0000]",1.0
Origin,prompt_swap,980/1300,0.2980998448108246,0.2980998448108246,"0.0000 [0.0000, 0.0000]",1.0
Origin,video_mirror,980/1300,0.2980998448108246,0.2968472116395387,"-0.0013 [-0.0137, 0.0111]",1.0
Origin,video_mirror_joint,980/1300,0.2980998448108246,0.2968472116395387,"-0.0013 [-0.0137, 0.0111]",1.0
Repair-model,evidence_mirror,980/1300,0.07584164040313494,0.06057063078599812,"-0.0153 [-0.0291, -0.0008]",1.0
Repair-model,evidence_mirror_joint,980/1300,0.07584164040313494,0.07584164040313494,"0.0000 [0.0000, 0.0000]",1.0
Repair-model,identity,980/1300,0.07584164040313494,0.07584164040313494,"0.0000 [0.0000, 0.0000]",1.0
Repair-model,prompt_swap,980/1300,0.07584164040313494,0.06057063078599812,"-0.0153 [-0.0291, -0.0008]",1.0
Repair-model,video_mirror,980/1300,0.07584164040313494,0.05309566126514149,"-0.0227 [-0.0411, -0.0052]",1.0
Repair-model,video_mirror_joint,980/1300,0.07584164040313494,0.0693984257054223,"-0.0064 [-0.0161, 0.0016]",1.0
Repair-rule,evidence_mirror,980/1300,0.07584164040313494,0.06057063078599812,"-0.0153 [-0.0291, -0.0008]",1.0
Repair-rule,evidence_mirror_joint,980/1300,0.07584164040313494,0.07584164040313494,"0.0000 [0.0000, 0.0000]",1.0
Repair-rule,identity,980/1300,0.07584164040313494,0.07584164040313494,"0.0000 [0.0000, 0.0000]",1.0
Repair-rule,prompt_swap,980/1300,0.07584164040313494,0.06057063078599812,"-0.0153 [-0.0291, -0.0008]",1.0
Repair-rule,video_mirror,980/1300,0.07584164040313494,0.05309566126514149,"-0.0227 [-0.0411, -0.0052]",1.0
Repair-rule,video_mirror_joint,980/1300,0.07584164040313494,0.0693984257054223,"-0.0064 [-0.0161, 0.0016]",1.0
