system,task,source,variant,n,families,correct,accuracy,valid_schema,schema_coverage,label_space_coverage
0.6B/base/raw,spatial,engineered,canonical,24,24,17,0.7083333333333334,17,0.7083333333333334,0.7083333333333334
0.6B/base/raw,spatial,engineered,changed,24,24,16,0.6666666666666666,16,0.6666666666666666,0.6666666666666666
0.6B/base/raw,spatial,engineered,composition,24,24,0,0.0,21,0.875,0.875
0.6B/base/raw,spatial,engineered,long_head,24,24,0,0.0,24,1.0,1.0
0.6B/base/raw,spatial,engineered,long_middle,24,24,2,0.08333333333333333,23,0.9583333333333334,0.9583333333333334
0.6B/base/raw,spatial,engineered,long_tail,24,24,11,0.4583333333333333,17,0.7083333333333334,0.7083333333333334
0.6B/base/raw,spatial,engineered,paraphrase,24,24,17,0.7083333333333334,18,0.75,0.75
0.6B/base/raw,spatial,engineered_boundary,unsupported_relation,24,24,10,0.4166666666666667,10,0.4166666666666667,0.4166666666666667
0.6B/base/raw,spatial,existing_dev,natural,48,48,35,0.7291666666666666,44,0.9166666666666666,0.9166666666666666
0.6B/base/raw,spatial,engineered,all,168,24,63,0.375,136,0.8095238095238095,0.8095238095238095
0.6B/base/raw,action,engineered,canonical,24,24,8,0.3333333333333333,24,1.0,0.3333333333333333
0.6B/base/raw,action,engineered,changed,24,24,8,0.3333333333333333,24,1.0,0.3333333333333333
0.6B/base/raw,action,engineered,composition,24,24,18,0.75,24,1.0,0.75
0.6B/base/raw,action,engineered,long_head,24,24,19,0.7916666666666666,24,1.0,0.9166666666666666
0.6B/base/raw,action,engineered,long_middle,24,24,8,0.3333333333333333,24,1.0,0.3333333333333333
0.6B/base/raw,action,engineered,long_tail,24,24,13,0.5416666666666666,24,1.0,0.5416666666666666
0.6B/base/raw,action,engineered,paraphrase,24,24,0,0.0,24,1.0,0.041666666666666664
0.6B/base/raw,action,engineered_boundary,nonperformed,24,24,10,0.4166666666666667,11,0.4583333333333333,0.4166666666666667
0.6B/base/raw,action,engineered_boundary,unsupported_action,12,12,0,0.0,12,1.0,0.0
0.6B/base/raw,action,existing_dev,natural,47,47,13,0.2765957446808511,47,1.0,0.3617021276595745
0.6B/base/raw,action,engineered,all,168,24,74,0.44047619047619047,168,1.0,0.4642857142857143
0.6B/base/raw,objects,engineered,canonical,24,24,5,0.20833333333333334,24,1.0,1.0
0.6B/base/raw,objects,engineered,changed,24,24,5,0.20833333333333334,24,1.0,1.0
0.6B/base/raw,objects,engineered,composition,24,24,4,0.16666666666666666,24,1.0,1.0
0.6B/base/raw,objects,engineered,long_head,24,24,7,0.2916666666666667,24,1.0,1.0
0.6B/base/raw,objects,engineered,long_middle,24,24,8,0.3333333333333333,24,1.0,1.0
0.6B/base/raw,objects,engineered,long_tail,24,24,8,0.3333333333333333,24,1.0,1.0
0.6B/base/raw,objects,engineered,paraphrase,24,24,2,0.08333333333333333,23,0.9583333333333334,0.9583333333333334
0.6B/base/raw,objects,existing_dev,natural,48,48,2,0.041666666666666664,48,1.0,1.0
0.6B/base/raw,objects,engineered,all,168,24,39,0.23214285714285715,167,0.9940476190476191,0.9940476190476191
0.6B/base/raw,scene,engineered,canonical,24,24,8,0.3333333333333333,24,1.0,1.0
0.6B/base/raw,scene,engineered,changed,24,24,16,0.6666666666666666,24,1.0,1.0
0.6B/base/raw,scene,engineered,composition,24,24,8,0.3333333333333333,24,1.0,1.0
0.6B/base/raw,scene,engineered,long_head,24,24,16,0.6666666666666666,24,1.0,1.0
0.6B/base/raw,scene,engineered,long_middle,24,24,16,0.6666666666666666,24,1.0,1.0
0.6B/base/raw,scene,engineered,long_tail,24,24,16,0.6666666666666666,24,1.0,1.0
0.6B/base/raw,scene,engineered,paraphrase,24,24,8,0.3333333333333333,24,1.0,1.0
0.6B/base/raw,scene,existing_dev,natural,1,1,1,1.0,1,1.0,1.0
0.6B/base/raw,scene,snli_test_locations,natural,74,74,30,0.40540540540540543,74,1.0,1.0
0.6B/base/raw,scene,engineered,all,168,24,88,0.5238095238095238,168,1.0,1.0
0.6B/base/interface,spatial,engineered,canonical,24,24,17,0.7083333333333334,17,0.7083333333333334,0.7083333333333334
0.6B/base/interface,spatial,engineered,changed,24,24,16,0.6666666666666666,16,0.6666666666666666,0.6666666666666666
0.6B/base/interface,spatial,engineered,composition,24,24,0,0.0,21,0.875,0.875
0.6B/base/interface,spatial,engineered,long_head,24,24,0,0.0,24,1.0,1.0
0.6B/base/interface,spatial,engineered,long_middle,24,24,2,0.08333333333333333,23,0.9583333333333334,0.9583333333333334
0.6B/base/interface,spatial,engineered,long_tail,24,24,11,0.4583333333333333,17,0.7083333333333334,0.7083333333333334
0.6B/base/interface,spatial,engineered,paraphrase,24,24,18,0.75,18,0.75,0.75
0.6B/base/interface,spatial,engineered_boundary,unsupported_relation,24,24,10,0.4166666666666667,10,0.4166666666666667,0.4166666666666667
0.6B/base/interface,spatial,existing_dev,natural,48,48,35,0.7291666666666666,44,0.9166666666666666,0.9166666666666666
0.6B/base/interface,spatial,engineered,all,168,24,64,0.38095238095238093,136,0.8095238095238095,0.8095238095238095
0.6B/base/interface,action,engineered,canonical,24,24,24,1.0,24,1.0,1.0
0.6B/base/interface,action,engineered,changed,24,24,24,1.0,24,1.0,1.0
0.6B/base/interface,action,engineered,composition,24,24,18,0.75,24,1.0,1.0
0.6B/base/interface,action,engineered,long_head,24,24,0,0.0,24,1.0,1.0
0.6B/base/interface,action,engineered,long_middle,24,24,0,0.0,24,1.0,1.0
0.6B/base/interface,action,engineered,long_tail,24,24,0,0.0,24,1.0,1.0
0.6B/base/interface,action,engineered,paraphrase,24,24,0,0.0,24,1.0,1.0
0.6B/base/interface,action,engineered_boundary,nonperformed,24,24,0,0.0,11,0.4583333333333333,0.4583333333333333
0.6B/base/interface,action,engineered_boundary,unsupported_action,12,12,12,1.0,12,1.0,1.0
0.6B/base/interface,action,existing_dev,natural,47,47,39,0.8297872340425532,47,1.0,1.0
0.6B/base/interface,action,engineered,all,168,24,66,0.39285714285714285,168,1.0,1.0
0.6B/base/interface,objects,engineered,canonical,24,24,5,0.20833333333333334,24,1.0,1.0
0.6B/base/interface,objects,engineered,changed,24,24,5,0.20833333333333334,24,1.0,1.0
0.6B/base/interface,objects,engineered,composition,24,24,4,0.16666666666666666,24,1.0,1.0
0.6B/base/interface,objects,engineered,long_head,24,24,7,0.2916666666666667,24,1.0,1.0
0.6B/base/interface,objects,engineered,long_middle,24,24,8,0.3333333333333333,24,1.0,1.0
0.6B/base/interface,objects,engineered,long_tail,24,24,8,0.3333333333333333,24,1.0,1.0
0.6B/base/interface,objects,engineered,paraphrase,24,24,2,0.08333333333333333,23,0.9583333333333334,0.9583333333333334
0.6B/base/interface,objects,existing_dev,natural,48,48,2,0.041666666666666664,48,1.0,1.0
0.6B/base/interface,objects,engineered,all,168,24,39,0.23214285714285715,167,0.9940476190476191,0.9940476190476191
0.6B/base/interface,scene,engineered,canonical,24,24,8,0.3333333333333333,24,1.0,1.0
0.6B/base/interface,scene,engineered,changed,24,24,16,0.6666666666666666,24,1.0,1.0
0.6B/base/interface,scene,engineered,composition,24,24,8,0.3333333333333333,24,1.0,1.0
0.6B/base/interface,scene,engineered,long_head,24,24,16,0.6666666666666666,24,1.0,1.0
0.6B/base/interface,scene,engineered,long_middle,24,24,16,0.6666666666666666,24,1.0,1.0
0.6B/base/interface,scene,engineered,long_tail,24,24,16,0.6666666666666666,24,1.0,1.0
0.6B/base/interface,scene,engineered,paraphrase,24,24,8,0.3333333333333333,24,1.0,1.0
0.6B/base/interface,scene,existing_dev,natural,1,1,1,1.0,1,1.0,1.0
0.6B/base/interface,scene,snli_test_locations,natural,74,74,30,0.40540540540540543,74,1.0,1.0
0.6B/base/interface,scene,engineered,all,168,24,88,0.5238095238095238,168,1.0,1.0
0.6B/sft/raw,spatial,engineered,canonical,24,24,24,1.0,24,1.0,1.0
0.6B/sft/raw,spatial,engineered,changed,24,24,24,1.0,24,1.0,1.0
0.6B/sft/raw,spatial,engineered,composition,24,24,24,1.0,24,1.0,1.0
0.6B/sft/raw,spatial,engineered,long_head,24,24,24,1.0,24,1.0,1.0
0.6B/sft/raw,spatial,engineered,long_middle,24,24,22,0.9166666666666666,24,1.0,1.0
0.6B/sft/raw,spatial,engineered,long_tail,24,24,24,1.0,24,1.0,1.0
0.6B/sft/raw,spatial,engineered,paraphrase,24,24,23,0.9583333333333334,24,1.0,1.0
0.6B/sft/raw,spatial,engineered_boundary,unsupported_relation,24,24,0,0.0,2,0.08333333333333333,0.08333333333333333
0.6B/sft/raw,spatial,existing_dev,natural,48,48,47,0.9791666666666666,48,1.0,1.0
0.6B/sft/raw,spatial,engineered,all,168,24,165,0.9821428571428571,168,1.0,1.0
0.6B/sft/raw,action,engineered,canonical,24,24,24,1.0,24,1.0,1.0
0.6B/sft/raw,action,engineered,changed,24,24,24,1.0,24,1.0,1.0
0.6B/sft/raw,action,engineered,composition,24,24,22,0.9166666666666666,24,1.0,1.0
0.6B/sft/raw,action,engineered,long_head,24,24,24,1.0,24,1.0,1.0
0.6B/sft/raw,action,engineered,long_middle,24,24,24,1.0,24,1.0,1.0
0.6B/sft/raw,action,engineered,long_tail,24,24,24,1.0,24,1.0,1.0
0.6B/sft/raw,action,engineered,paraphrase,24,24,0,0.0,24,1.0,0.2916666666666667
0.6B/sft/raw,action,engineered_boundary,nonperformed,24,24,0,0.0,24,1.0,1.0
0.6B/sft/raw,action,engineered_boundary,unsupported_action,12,12,0,0.0,12,1.0,0.0
0.6B/sft/raw,action,existing_dev,natural,47,47,43,0.9148936170212766,47,1.0,0.9574468085106383
0.6B/sft/raw,action,engineered,all,168,24,142,0.8452380952380952,168,1.0,0.8988095238095238
0.6B/sft/raw,objects,engineered,canonical,24,24,23,0.9583333333333334,24,1.0,1.0
0.6B/sft/raw,objects,engineered,changed,24,24,23,0.9583333333333334,24,1.0,1.0
0.6B/sft/raw,objects,engineered,composition,24,24,23,0.9583333333333334,24,1.0,1.0
0.6B/sft/raw,objects,engineered,long_head,24,24,23,0.9583333333333334,24,1.0,1.0
0.6B/sft/raw,objects,engineered,long_middle,24,24,23,0.9583333333333334,24,1.0,1.0
0.6B/sft/raw,objects,engineered,long_tail,24,24,23,0.9583333333333334,24,1.0,1.0
0.6B/sft/raw,objects,engineered,paraphrase,24,24,23,0.9583333333333334,24,1.0,1.0
0.6B/sft/raw,objects,existing_dev,natural,48,48,42,0.875,48,1.0,1.0
0.6B/sft/raw,objects,engineered,all,168,24,161,0.9583333333333334,168,1.0,1.0
0.6B/sft/raw,scene,engineered,canonical,24,24,16,0.6666666666666666,24,1.0,1.0
0.6B/sft/raw,scene,engineered,changed,24,24,24,1.0,24,1.0,1.0
0.6B/sft/raw,scene,engineered,composition,24,24,16,0.6666666666666666,24,1.0,1.0
0.6B/sft/raw,scene,engineered,long_head,24,24,10,0.4166666666666667,24,1.0,1.0
0.6B/sft/raw,scene,engineered,long_middle,24,24,8,0.3333333333333333,24,1.0,1.0
0.6B/sft/raw,scene,engineered,long_tail,24,24,11,0.4583333333333333,24,1.0,1.0
0.6B/sft/raw,scene,engineered,paraphrase,24,24,14,0.5833333333333334,24,1.0,1.0
0.6B/sft/raw,scene,existing_dev,natural,1,1,1,1.0,1,1.0,1.0
0.6B/sft/raw,scene,snli_test_locations,natural,74,74,36,0.4864864864864865,74,1.0,1.0
0.6B/sft/raw,scene,engineered,all,168,24,99,0.5892857142857143,168,1.0,1.0
0.6B/sft/interface,spatial,engineered,canonical,24,24,24,1.0,24,1.0,1.0
0.6B/sft/interface,spatial,engineered,changed,24,24,24,1.0,24,1.0,1.0
0.6B/sft/interface,spatial,engineered,composition,24,24,24,1.0,24,1.0,1.0
0.6B/sft/interface,spatial,engineered,long_head,24,24,24,1.0,24,1.0,1.0
0.6B/sft/interface,spatial,engineered,long_middle,24,24,22,0.9166666666666666,24,1.0,1.0
0.6B/sft/interface,spatial,engineered,long_tail,24,24,24,1.0,24,1.0,1.0
0.6B/sft/interface,spatial,engineered,paraphrase,24,24,23,0.9583333333333334,24,1.0,1.0
0.6B/sft/interface,spatial,engineered_boundary,unsupported_relation,24,24,0,0.0,2,0.08333333333333333,0.08333333333333333
0.6B/sft/interface,spatial,existing_dev,natural,48,48,47,0.9791666666666666,48,1.0,1.0
0.6B/sft/interface,spatial,engineered,all,168,24,165,0.9821428571428571,168,1.0,1.0
0.6B/sft/interface,action,engineered,canonical,24,24,24,1.0,24,1.0,1.0
0.6B/sft/interface,action,engineered,changed,24,24,24,1.0,24,1.0,1.0
0.6B/sft/interface,action,engineered,composition,24,24,22,0.9166666666666666,24,1.0,1.0
0.6B/sft/interface,action,engineered,long_head,24,24,0,0.0,24,1.0,1.0
0.6B/sft/interface,action,engineered,long_middle,24,24,0,0.0,24,1.0,1.0
0.6B/sft/interface,action,engineered,long_tail,24,24,0,0.0,24,1.0,1.0
0.6B/sft/interface,action,engineered,paraphrase,24,24,0,0.0,24,1.0,1.0
0.6B/sft/interface,action,engineered_boundary,nonperformed,24,24,0,0.0,24,1.0,1.0
0.6B/sft/interface,action,engineered_boundary,unsupported_action,12,12,12,1.0,12,1.0,1.0
0.6B/sft/interface,action,existing_dev,natural,47,47,44,0.9361702127659575,47,1.0,1.0
0.6B/sft/interface,action,engineered,all,168,24,70,0.4166666666666667,168,1.0,1.0
0.6B/sft/interface,objects,engineered,canonical,24,24,23,0.9583333333333334,24,1.0,1.0
0.6B/sft/interface,objects,engineered,changed,24,24,23,0.9583333333333334,24,1.0,1.0
0.6B/sft/interface,objects,engineered,composition,24,24,23,0.9583333333333334,24,1.0,1.0
0.6B/sft/interface,objects,engineered,long_head,24,24,23,0.9583333333333334,24,1.0,1.0
0.6B/sft/interface,objects,engineered,long_middle,24,24,23,0.9583333333333334,24,1.0,1.0
0.6B/sft/interface,objects,engineered,long_tail,24,24,23,0.9583333333333334,24,1.0,1.0
0.6B/sft/interface,objects,engineered,paraphrase,24,24,23,0.9583333333333334,24,1.0,1.0
0.6B/sft/interface,objects,existing_dev,natural,48,48,42,0.875,48,1.0,1.0
0.6B/sft/interface,objects,engineered,all,168,24,161,0.9583333333333334,168,1.0,1.0
0.6B/sft/interface,scene,engineered,canonical,24,24,16,0.6666666666666666,24,1.0,1.0
0.6B/sft/interface,scene,engineered,changed,24,24,24,1.0,24,1.0,1.0
0.6B/sft/interface,scene,engineered,composition,24,24,16,0.6666666666666666,24,1.0,1.0
0.6B/sft/interface,scene,engineered,long_head,24,24,10,0.4166666666666667,24,1.0,1.0
0.6B/sft/interface,scene,engineered,long_middle,24,24,8,0.3333333333333333,24,1.0,1.0
0.6B/sft/interface,scene,engineered,long_tail,24,24,11,0.4583333333333333,24,1.0,1.0
0.6B/sft/interface,scene,engineered,paraphrase,24,24,14,0.5833333333333334,24,1.0,1.0
0.6B/sft/interface,scene,existing_dev,natural,1,1,1,1.0,1,1.0,1.0
0.6B/sft/interface,scene,snli_test_locations,natural,74,74,36,0.4864864864864865,74,1.0,1.0
0.6B/sft/interface,scene,engineered,all,168,24,99,0.5892857142857143,168,1.0,1.0
8B/base/raw,spatial,engineered,canonical,24,24,24,1.0,24,1.0,1.0
8B/base/raw,spatial,engineered,changed,24,24,24,1.0,24,1.0,1.0
8B/base/raw,spatial,engineered,composition,24,24,24,1.0,24,1.0,1.0
8B/base/raw,spatial,engineered,long_head,24,24,24,1.0,24,1.0,1.0
8B/base/raw,spatial,engineered,long_middle,24,24,24,1.0,24,1.0,1.0
8B/base/raw,spatial,engineered,long_tail,24,24,23,0.9583333333333334,24,1.0,1.0
8B/base/raw,spatial,engineered,paraphrase,24,24,22,0.9166666666666666,24,1.0,1.0
8B/base/raw,spatial,engineered_boundary,unsupported_relation,24,24,24,1.0,24,1.0,1.0
8B/base/raw,spatial,existing_dev,natural,48,48,45,0.9375,48,1.0,1.0
8B/base/raw,spatial,engineered,all,168,24,165,0.9821428571428571,168,1.0,1.0
8B/base/raw,action,engineered,canonical,24,24,5,0.20833333333333334,24,1.0,0.20833333333333334
8B/base/raw,action,engineered,changed,24,24,5,0.20833333333333334,24,1.0,0.20833333333333334
8B/base/raw,action,engineered,composition,24,24,8,0.3333333333333333,24,1.0,0.3333333333333333
8B/base/raw,action,engineered,long_head,24,24,12,0.5,24,1.0,0.5
8B/base/raw,action,engineered,long_middle,24,24,14,0.5833333333333334,24,1.0,0.625
8B/base/raw,action,engineered,long_tail,24,24,13,0.5416666666666666,24,1.0,0.5416666666666666
8B/base/raw,action,engineered,paraphrase,24,24,2,0.08333333333333333,24,1.0,0.125
8B/base/raw,action,engineered_boundary,nonperformed,24,24,24,1.0,24,1.0,1.0
8B/base/raw,action,engineered_boundary,unsupported_action,12,12,0,0.0,12,1.0,0.0
8B/base/raw,action,existing_dev,natural,47,47,11,0.23404255319148937,47,1.0,0.2978723404255319
8B/base/raw,action,engineered,all,168,24,59,0.35119047619047616,168,1.0,0.3630952380952381
8B/base/raw,objects,engineered,canonical,24,24,23,0.9583333333333334,24,1.0,1.0
8B/base/raw,objects,engineered,changed,24,24,23,0.9583333333333334,24,1.0,1.0
8B/base/raw,objects,engineered,composition,24,24,23,0.9583333333333334,24,1.0,1.0
8B/base/raw,objects,engineered,long_head,24,24,23,0.9583333333333334,24,1.0,1.0
8B/base/raw,objects,engineered,long_middle,24,24,23,0.9583333333333334,24,1.0,1.0
8B/base/raw,objects,engineered,long_tail,24,24,23,0.9583333333333334,24,1.0,1.0
8B/base/raw,objects,engineered,paraphrase,24,24,23,0.9583333333333334,24,1.0,1.0
8B/base/raw,objects,existing_dev,natural,48,48,27,0.5625,48,1.0,1.0
8B/base/raw,objects,engineered,all,168,24,161,0.9583333333333334,168,1.0,1.0
8B/base/raw,scene,engineered,canonical,24,24,24,1.0,24,1.0,1.0
8B/base/raw,scene,engineered,changed,24,24,24,1.0,24,1.0,1.0
8B/base/raw,scene,engineered,composition,24,24,16,0.6666666666666666,24,1.0,1.0
8B/base/raw,scene,engineered,long_head,24,24,8,0.3333333333333333,24,1.0,1.0
8B/base/raw,scene,engineered,long_middle,24,24,8,0.3333333333333333,24,1.0,1.0
8B/base/raw,scene,engineered,long_tail,24,24,8,0.3333333333333333,24,1.0,1.0
8B/base/raw,scene,engineered,paraphrase,24,24,22,0.9166666666666666,24,1.0,1.0
8B/base/raw,scene,existing_dev,natural,1,1,1,1.0,1,1.0,1.0
8B/base/raw,scene,snli_test_locations,natural,74,74,51,0.6891891891891891,74,1.0,1.0
8B/base/raw,scene,engineered,all,168,24,110,0.6547619047619048,168,1.0,1.0
8B/base/interface,spatial,engineered,canonical,24,24,24,1.0,24,1.0,1.0
8B/base/interface,spatial,engineered,changed,24,24,24,1.0,24,1.0,1.0
8B/base/interface,spatial,engineered,composition,24,24,24,1.0,24,1.0,1.0
8B/base/interface,spatial,engineered,long_head,24,24,24,1.0,24,1.0,1.0
8B/base/interface,spatial,engineered,long_middle,24,24,24,1.0,24,1.0,1.0
8B/base/interface,spatial,engineered,long_tail,24,24,23,0.9583333333333334,24,1.0,1.0
8B/base/interface,spatial,engineered,paraphrase,24,24,22,0.9166666666666666,24,1.0,1.0
8B/base/interface,spatial,engineered_boundary,unsupported_relation,24,24,24,1.0,24,1.0,1.0
8B/base/interface,spatial,existing_dev,natural,48,48,46,0.9583333333333334,48,1.0,1.0
8B/base/interface,spatial,engineered,all,168,24,165,0.9821428571428571,168,1.0,1.0
8B/base/interface,action,engineered,canonical,24,24,24,1.0,24,1.0,1.0
8B/base/interface,action,engineered,changed,24,24,24,1.0,24,1.0,1.0
8B/base/interface,action,engineered,composition,24,24,9,0.375,24,1.0,1.0
8B/base/interface,action,engineered,long_head,24,24,0,0.0,24,1.0,1.0
8B/base/interface,action,engineered,long_middle,24,24,0,0.0,24,1.0,1.0
8B/base/interface,action,engineered,long_tail,24,24,0,0.0,24,1.0,1.0
8B/base/interface,action,engineered,paraphrase,24,24,2,0.08333333333333333,24,1.0,1.0
8B/base/interface,action,engineered_boundary,nonperformed,24,24,0,0.0,24,1.0,1.0
8B/base/interface,action,engineered_boundary,unsupported_action,12,12,12,1.0,12,1.0,1.0
8B/base/interface,action,existing_dev,natural,47,47,40,0.851063829787234,47,1.0,1.0
8B/base/interface,action,engineered,all,168,24,59,0.35119047619047616,168,1.0,1.0
8B/base/interface,objects,engineered,canonical,24,24,23,0.9583333333333334,24,1.0,1.0
8B/base/interface,objects,engineered,changed,24,24,23,0.9583333333333334,24,1.0,1.0
8B/base/interface,objects,engineered,composition,24,24,23,0.9583333333333334,24,1.0,1.0
8B/base/interface,objects,engineered,long_head,24,24,23,0.9583333333333334,24,1.0,1.0
8B/base/interface,objects,engineered,long_middle,24,24,23,0.9583333333333334,24,1.0,1.0
8B/base/interface,objects,engineered,long_tail,24,24,23,0.9583333333333334,24,1.0,1.0
8B/base/interface,objects,engineered,paraphrase,24,24,23,0.9583333333333334,24,1.0,1.0
8B/base/interface,objects,existing_dev,natural,48,48,27,0.5625,48,1.0,1.0
8B/base/interface,objects,engineered,all,168,24,161,0.9583333333333334,168,1.0,1.0
8B/base/interface,scene,engineered,canonical,24,24,24,1.0,24,1.0,1.0
8B/base/interface,scene,engineered,changed,24,24,24,1.0,24,1.0,1.0
8B/base/interface,scene,engineered,composition,24,24,16,0.6666666666666666,24,1.0,1.0
8B/base/interface,scene,engineered,long_head,24,24,8,0.3333333333333333,24,1.0,1.0
8B/base/interface,scene,engineered,long_middle,24,24,8,0.3333333333333333,24,1.0,1.0
8B/base/interface,scene,engineered,long_tail,24,24,8,0.3333333333333333,24,1.0,1.0
8B/base/interface,scene,engineered,paraphrase,24,24,22,0.9166666666666666,24,1.0,1.0
8B/base/interface,scene,existing_dev,natural,1,1,1,1.0,1,1.0,1.0
8B/base/interface,scene,snli_test_locations,natural,74,74,51,0.6891891891891891,74,1.0,1.0
8B/base/interface,scene,engineered,all,168,24,110,0.6547619047619048,168,1.0,1.0
8B/sft/raw,spatial,engineered,canonical,24,24,24,1.0,24,1.0,1.0
8B/sft/raw,spatial,engineered,changed,24,24,24,1.0,24,1.0,1.0
8B/sft/raw,spatial,engineered,composition,24,24,24,1.0,24,1.0,1.0
8B/sft/raw,spatial,engineered,long_head,24,24,24,1.0,24,1.0,1.0
8B/sft/raw,spatial,engineered,long_middle,24,24,24,1.0,24,1.0,1.0
8B/sft/raw,spatial,engineered,long_tail,24,24,24,1.0,24,1.0,1.0
8B/sft/raw,spatial,engineered,paraphrase,24,24,24,1.0,24,1.0,1.0
8B/sft/raw,spatial,engineered_boundary,unsupported_relation,24,24,24,1.0,24,1.0,1.0
8B/sft/raw,spatial,existing_dev,natural,48,48,47,0.9791666666666666,48,1.0,1.0
8B/sft/raw,spatial,engineered,all,168,24,168,1.0,168,1.0,1.0
8B/sft/raw,action,engineered,canonical,24,24,24,1.0,24,1.0,1.0
8B/sft/raw,action,engineered,changed,24,24,24,1.0,24,1.0,1.0
8B/sft/raw,action,engineered,composition,24,24,24,1.0,24,1.0,1.0
8B/sft/raw,action,engineered,long_head,24,24,24,1.0,24,1.0,1.0
8B/sft/raw,action,engineered,long_middle,24,24,24,1.0,24,1.0,1.0
8B/sft/raw,action,engineered,long_tail,24,24,24,1.0,24,1.0,1.0
8B/sft/raw,action,engineered,paraphrase,24,24,0,0.0,24,1.0,0.25
8B/sft/raw,action,engineered_boundary,nonperformed,24,24,24,1.0,24,1.0,1.0
8B/sft/raw,action,engineered_boundary,unsupported_action,12,12,0,0.0,12,1.0,0.0
8B/sft/raw,action,existing_dev,natural,47,47,43,0.9148936170212766,47,1.0,0.9574468085106383
8B/sft/raw,action,engineered,all,168,24,144,0.8571428571428571,168,1.0,0.8928571428571429
8B/sft/raw,objects,engineered,canonical,24,24,23,0.9583333333333334,24,1.0,1.0
8B/sft/raw,objects,engineered,changed,24,24,23,0.9583333333333334,24,1.0,1.0
8B/sft/raw,objects,engineered,composition,24,24,23,0.9583333333333334,24,1.0,1.0
8B/sft/raw,objects,engineered,long_head,24,24,23,0.9583333333333334,24,1.0,1.0
8B/sft/raw,objects,engineered,long_middle,24,24,23,0.9583333333333334,24,1.0,1.0
8B/sft/raw,objects,engineered,long_tail,24,24,23,0.9583333333333334,24,1.0,1.0
8B/sft/raw,objects,engineered,paraphrase,24,24,23,0.9583333333333334,24,1.0,1.0
8B/sft/raw,objects,existing_dev,natural,48,48,44,0.9166666666666666,48,1.0,1.0
8B/sft/raw,objects,engineered,all,168,24,161,0.9583333333333334,168,1.0,1.0
8B/sft/raw,scene,engineered,canonical,24,24,24,1.0,24,1.0,1.0
8B/sft/raw,scene,engineered,changed,24,24,24,1.0,24,1.0,1.0
8B/sft/raw,scene,engineered,composition,24,24,17,0.7083333333333334,24,1.0,1.0
8B/sft/raw,scene,engineered,long_head,24,24,9,0.375,24,1.0,1.0
8B/sft/raw,scene,engineered,long_middle,24,24,9,0.375,24,1.0,1.0
8B/sft/raw,scene,engineered,long_tail,24,24,9,0.375,24,1.0,1.0
8B/sft/raw,scene,engineered,paraphrase,24,24,24,1.0,24,1.0,1.0
8B/sft/raw,scene,existing_dev,natural,1,1,1,1.0,1,1.0,1.0
8B/sft/raw,scene,snli_test_locations,natural,74,74,56,0.7567567567567568,74,1.0,1.0
8B/sft/raw,scene,engineered,all,168,24,116,0.6904761904761905,168,1.0,1.0
8B/sft/interface,spatial,engineered,canonical,24,24,24,1.0,24,1.0,1.0
8B/sft/interface,spatial,engineered,changed,24,24,24,1.0,24,1.0,1.0
8B/sft/interface,spatial,engineered,composition,24,24,24,1.0,24,1.0,1.0
8B/sft/interface,spatial,engineered,long_head,24,24,24,1.0,24,1.0,1.0
8B/sft/interface,spatial,engineered,long_middle,24,24,24,1.0,24,1.0,1.0
8B/sft/interface,spatial,engineered,long_tail,24,24,24,1.0,24,1.0,1.0
8B/sft/interface,spatial,engineered,paraphrase,24,24,24,1.0,24,1.0,1.0
8B/sft/interface,spatial,engineered_boundary,unsupported_relation,24,24,24,1.0,24,1.0,1.0
8B/sft/interface,spatial,existing_dev,natural,48,48,47,0.9791666666666666,48,1.0,1.0
8B/sft/interface,spatial,engineered,all,168,24,168,1.0,168,1.0,1.0
8B/sft/interface,action,engineered,canonical,24,24,24,1.0,24,1.0,1.0
8B/sft/interface,action,engineered,changed,24,24,24,1.0,24,1.0,1.0
8B/sft/interface,action,engineered,composition,24,24,24,1.0,24,1.0,1.0
8B/sft/interface,action,engineered,long_head,24,24,0,0.0,24,1.0,1.0
8B/sft/interface,action,engineered,long_middle,24,24,0,0.0,24,1.0,1.0
8B/sft/interface,action,engineered,long_tail,24,24,0,0.0,24,1.0,1.0
8B/sft/interface,action,engineered,paraphrase,24,24,0,0.0,24,1.0,1.0
8B/sft/interface,action,engineered_boundary,nonperformed,24,24,0,0.0,24,1.0,1.0
8B/sft/interface,action,engineered_boundary,unsupported_action,12,12,12,1.0,12,1.0,1.0
8B/sft/interface,action,existing_dev,natural,47,47,44,0.9361702127659575,47,1.0,1.0
8B/sft/interface,action,engineered,all,168,24,72,0.42857142857142855,168,1.0,1.0
8B/sft/interface,objects,engineered,canonical,24,24,23,0.9583333333333334,24,1.0,1.0
8B/sft/interface,objects,engineered,changed,24,24,23,0.9583333333333334,24,1.0,1.0
8B/sft/interface,objects,engineered,composition,24,24,23,0.9583333333333334,24,1.0,1.0
8B/sft/interface,objects,engineered,long_head,24,24,23,0.9583333333333334,24,1.0,1.0
8B/sft/interface,objects,engineered,long_middle,24,24,23,0.9583333333333334,24,1.0,1.0
8B/sft/interface,objects,engineered,long_tail,24,24,23,0.9583333333333334,24,1.0,1.0
8B/sft/interface,objects,engineered,paraphrase,24,24,23,0.9583333333333334,24,1.0,1.0
8B/sft/interface,objects,existing_dev,natural,48,48,44,0.9166666666666666,48,1.0,1.0
8B/sft/interface,objects,engineered,all,168,24,161,0.9583333333333334,168,1.0,1.0
8B/sft/interface,scene,engineered,canonical,24,24,24,1.0,24,1.0,1.0
8B/sft/interface,scene,engineered,changed,24,24,24,1.0,24,1.0,1.0
8B/sft/interface,scene,engineered,composition,24,24,17,0.7083333333333334,24,1.0,1.0
8B/sft/interface,scene,engineered,long_head,24,24,9,0.375,24,1.0,1.0
8B/sft/interface,scene,engineered,long_middle,24,24,9,0.375,24,1.0,1.0
8B/sft/interface,scene,engineered,long_tail,24,24,9,0.375,24,1.0,1.0
8B/sft/interface,scene,engineered,paraphrase,24,24,24,1.0,24,1.0,1.0
8B/sft/interface,scene,existing_dev,natural,1,1,1,1.0,1,1.0,1.0
8B/sft/interface,scene,snli_test_locations,natural,74,74,56,0.7567567567567568,74,1.0,1.0
8B/sft/interface,scene,engineered,all,168,24,116,0.6904761904761905,168,1.0,1.0
