size,mode,source,variant,n,raw_correct,v2_correct,v2_1_correct,guard_used
0.6,base,engineered,canonical,24,8,24,24,0
0.6,base,engineered,changed,24,8,24,24,0
0.6,base,engineered,composition,24,18,18,18,24
0.6,base,engineered,long_head,24,19,0,19,24
0.6,base,engineered,long_middle,24,8,0,8,24
0.6,base,engineered,long_tail,24,13,0,13,24
0.6,base,engineered,paraphrase,24,0,0,0,2
0.6,base,engineered_boundary,nonperformed,24,10,0,10,11
0.6,base,engineered_boundary,unsupported_action,12,0,12,12,0
0.6,base,existing_dev,natural,47,13,39,39,25
0.6,sft,engineered,canonical,24,24,24,24,0
0.6,sft,engineered,changed,24,24,24,24,0
0.6,sft,engineered,composition,24,22,22,22,24
0.6,sft,engineered,long_head,24,24,0,24,24
0.6,sft,engineered,long_middle,24,24,0,24,24
0.6,sft,engineered,long_tail,24,24,0,24,24
0.6,sft,engineered,paraphrase,24,0,0,0,2
0.6,sft,engineered_boundary,nonperformed,24,0,0,0,24
0.6,sft,engineered_boundary,unsupported_action,12,0,12,12,0
0.6,sft,existing_dev,natural,47,43,44,44,25
8,base,engineered,canonical,24,5,24,24,0
8,base,engineered,changed,24,5,24,24,0
8,base,engineered,composition,24,8,9,9,24
8,base,engineered,long_head,24,12,0,12,24
8,base,engineered,long_middle,24,14,0,14,24
8,base,engineered,long_tail,24,13,0,14,24
8,base,engineered,paraphrase,24,2,2,3,2
8,base,engineered_boundary,nonperformed,24,24,0,24,24
8,base,engineered_boundary,unsupported_action,12,0,12,12,0
8,base,existing_dev,natural,47,11,40,40,25
8,sft,engineered,canonical,24,24,24,24,0
8,sft,engineered,changed,24,24,24,24,0
8,sft,engineered,composition,24,24,24,24,24
8,sft,engineered,long_head,24,24,0,24,24
8,sft,engineered,long_middle,24,24,0,24,24
8,sft,engineered,long_tail,24,24,0,24,24
8,sft,engineered,paraphrase,24,0,0,0,2
8,sft,engineered_boundary,nonperformed,24,24,0,24,24
8,sft,engineered_boundary,unsupported_action,12,0,12,12,0
8,sft,existing_dev,natural,47,43,44,44,25
