system,group,n,pair_successes,cc,simultaneous_lower95,accuracy_delta,delta_ci95,noninferior_at_minus_003
0.6B/base/raw,spatial/paraphrase,24,16,0.6666666666666666,0.38243147751620765,0.0,"[-0.125, 0.125]",False
0.6B/base/raw,spatial/changed,24,12,0.5,0.24757019717914053,-0.041666666666666664,"[-0.2916666666666667, 0.20833333333333334]",False
0.6B/base/raw,spatial/composition,24,0,0.0,0.0,-0.7083333333333334,"[-0.875, -0.5416666666666666]",False
0.6B/base/raw,spatial/long_head,24,0,0.0,0.0,-0.7083333333333334,"[-0.875, -0.5416666666666666]",False
0.6B/base/raw,spatial/long_middle,24,2,0.08333333333333333,0.014180829959600986,-0.625,"[-0.8333333333333334, -0.4166666666666667]",False
0.6B/base/raw,spatial/long_tail,24,10,0.4166666666666667,0.18810314814621193,-0.25,"[-0.4583333333333333, -0.041666666666666664]",False
0.6B/base/raw,action/paraphrase,24,0,0.0,0.0,-0.3333333333333333,"[-0.5416666666666666, -0.16666666666666666]",False
0.6B/base/raw,action/changed,24,2,0.08333333333333333,0.014180829959600986,0.0,"[-0.2916666666666667, 0.25]",False
0.6B/base/raw,action/composition,24,5,0.20833333333333334,0.06458115837948862,0.4166666666666667,"[0.125, 0.6666666666666666]",True
0.6B/base/raw,action/long_head,24,8,0.3333333333333333,0.13405921798577836,0.4583333333333333,"[0.25, 0.6666666666666666]",True
0.6B/base/raw,action/long_middle,24,4,0.16666666666666666,0.04518445169606957,0.0,"[-0.25, 0.20833333333333334]",False
0.6B/base/raw,action/long_tail,24,7,0.2916666666666667,0.10922998022952815,0.20833333333333334,"[0.0, 0.4166666666666667]",True
0.6B/base/raw,objects/paraphrase,24,0,0.0,0.0,-0.125,"[-0.3333333333333333, 0.08333333333333333]",False
0.6B/base/raw,objects/changed,24,5,0.20833333333333334,0.06458115837948862,0.0,"[0.0, 0.0]",True
0.6B/base/raw,objects/composition,24,4,0.16666666666666666,0.04518445169606957,-0.041666666666666664,"[-0.125, 0.0]",False
0.6B/base/raw,objects/long_head,24,5,0.20833333333333334,0.06458115837948862,0.08333333333333333,"[0.0, 0.20833333333333334]",True
0.6B/base/raw,objects/long_middle,24,5,0.20833333333333334,0.06458115837948862,0.125,"[0.0, 0.25]",True
0.6B/base/raw,objects/long_tail,24,5,0.20833333333333334,0.06458115837948862,0.125,"[0.0, 0.25]",True
0.6B/base/raw,scene/paraphrase,24,8,0.3333333333333333,0.13405921798577836,0.0,"[0.0, 0.0]",True
0.6B/base/raw,scene/changed,24,0,0.0,0.0,0.3333333333333333,"[-0.08333333333333333, 0.6666666666666666]",False
0.6B/base/raw,scene/composition,24,8,0.3333333333333333,0.13405921798577836,0.0,"[0.0, 0.0]",True
0.6B/base/raw,scene/long_head,24,8,0.3333333333333333,0.13405921798577836,0.3333333333333333,"[0.16666666666666666, 0.5416666666666666]",True
0.6B/base/raw,scene/long_middle,24,8,0.3333333333333333,0.13405921798577836,0.3333333333333333,"[0.16666666666666666, 0.5416666666666666]",True
0.6B/base/raw,scene/long_tail,24,8,0.3333333333333333,0.13405921798577836,0.3333333333333333,"[0.16666666666666666, 0.5416666666666666]",True
0.6B/base/interface,spatial/paraphrase,24,17,0.7083333333333334,0.41969530464256477,0.041666666666666664,"[0.0, 0.125]",True
0.6B/base/interface,spatial/changed,24,12,0.5,0.24757019717914053,-0.041666666666666664,"[-0.2916666666666667, 0.20833333333333334]",False
0.6B/base/interface,spatial/composition,24,0,0.0,0.0,-0.7083333333333334,"[-0.875, -0.5416666666666666]",False
0.6B/base/interface,spatial/long_head,24,0,0.0,0.0,-0.7083333333333334,"[-0.875, -0.5416666666666666]",False
0.6B/base/interface,spatial/long_middle,24,2,0.08333333333333333,0.014180829959600986,-0.625,"[-0.8333333333333334, -0.4166666666666667]",False
0.6B/base/interface,spatial/long_tail,24,10,0.4166666666666667,0.18810314814621193,-0.25,"[-0.4583333333333333, -0.041666666666666664]",False
0.6B/base/interface,action/paraphrase,24,0,0.0,0.0,-1.0,"[-1.0, -1.0]",False
0.6B/base/interface,action/changed,24,24,1.0,0.745116778591288,0.0,"[0.0, 0.0]",True
0.6B/base/interface,action/composition,24,18,0.75,0.4585711687706833,-0.25,"[-0.4166666666666667, -0.08333333333333333]",False
0.6B/base/interface,action/long_head,24,0,0.0,0.0,-1.0,"[-1.0, -1.0]",False
0.6B/base/interface,action/long_middle,24,0,0.0,0.0,-1.0,"[-1.0, -1.0]",False
0.6B/base/interface,action/long_tail,24,0,0.0,0.0,-1.0,"[-1.0, -1.0]",False
0.6B/base/interface,objects/paraphrase,24,0,0.0,0.0,-0.125,"[-0.3333333333333333, 0.08333333333333333]",False
0.6B/base/interface,objects/changed,24,5,0.20833333333333334,0.06458115837948862,0.0,"[0.0, 0.0]",True
0.6B/base/interface,objects/composition,24,4,0.16666666666666666,0.04518445169606957,-0.041666666666666664,"[-0.125, 0.0]",False
0.6B/base/interface,objects/long_head,24,5,0.20833333333333334,0.06458115837948862,0.08333333333333333,"[0.0, 0.20833333333333334]",True
0.6B/base/interface,objects/long_middle,24,5,0.20833333333333334,0.06458115837948862,0.125,"[0.0, 0.25]",True
0.6B/base/interface,objects/long_tail,24,5,0.20833333333333334,0.06458115837948862,0.125,"[0.0, 0.25]",True
0.6B/base/interface,scene/paraphrase,24,8,0.3333333333333333,0.13405921798577836,0.0,"[0.0, 0.0]",True
0.6B/base/interface,scene/changed,24,0,0.0,0.0,0.3333333333333333,"[-0.08333333333333333, 0.6666666666666666]",False
0.6B/base/interface,scene/composition,24,8,0.3333333333333333,0.13405921798577836,0.0,"[0.0, 0.0]",True
0.6B/base/interface,scene/long_head,24,8,0.3333333333333333,0.13405921798577836,0.3333333333333333,"[0.16666666666666666, 0.5416666666666666]",True
0.6B/base/interface,scene/long_middle,24,8,0.3333333333333333,0.13405921798577836,0.3333333333333333,"[0.16666666666666666, 0.5416666666666666]",True
0.6B/base/interface,scene/long_tail,24,8,0.3333333333333333,0.13405921798577836,0.3333333333333333,"[0.16666666666666666, 0.5416666666666666]",True
0.6B/sft/raw,spatial/paraphrase,24,23,0.9583333333333334,0.6871587357347095,-0.041666666666666664,"[-0.125, 0.0]",False
0.6B/sft/raw,spatial/changed,24,24,1.0,0.745116778591288,0.0,"[0.0, 0.0]",True
0.6B/sft/raw,spatial/composition,24,24,1.0,0.745116778591288,0.0,"[0.0, 0.0]",True
0.6B/sft/raw,spatial/long_head,24,24,1.0,0.745116778591288,0.0,"[0.0, 0.0]",True
0.6B/sft/raw,spatial/long_middle,24,22,0.9166666666666666,0.6351114787856744,-0.08333333333333333,"[-0.20833333333333334, 0.0]",False
0.6B/sft/raw,spatial/long_tail,24,24,1.0,0.745116778591288,0.0,"[0.0, 0.0]",True
0.6B/sft/raw,action/paraphrase,24,0,0.0,0.0,-1.0,"[-1.0, -1.0]",False
0.6B/sft/raw,action/changed,24,24,1.0,0.745116778591288,0.0,"[0.0, 0.0]",True
0.6B/sft/raw,action/composition,24,22,0.9166666666666666,0.6351114787856744,-0.08333333333333333,"[-0.20833333333333334, 0.0]",False
0.6B/sft/raw,action/long_head,24,24,1.0,0.745116778591288,0.0,"[0.0, 0.0]",True
0.6B/sft/raw,action/long_middle,24,24,1.0,0.745116778591288,0.0,"[0.0, 0.0]",True
0.6B/sft/raw,action/long_tail,24,24,1.0,0.745116778591288,0.0,"[0.0, 0.0]",True
0.6B/sft/raw,objects/paraphrase,24,23,0.9583333333333334,0.6871587357347095,0.0,"[0.0, 0.0]",True
0.6B/sft/raw,objects/changed,24,23,0.9583333333333334,0.6871587357347095,0.0,"[0.0, 0.0]",True
0.6B/sft/raw,objects/composition,24,23,0.9583333333333334,0.6871587357347095,0.0,"[0.0, 0.0]",True
0.6B/sft/raw,objects/long_head,24,23,0.9583333333333334,0.6871587357347095,0.0,"[0.0, 0.0]",True
0.6B/sft/raw,objects/long_middle,24,23,0.9583333333333334,0.6871587357347095,0.0,"[0.0, 0.0]",True
0.6B/sft/raw,objects/long_tail,24,23,0.9583333333333334,0.6871587357347095,0.0,"[0.0, 0.0]",True
0.6B/sft/raw,scene/paraphrase,24,14,0.5833333333333334,0.3122892779114266,-0.08333333333333333,"[-0.20833333333333334, 0.0]",False
0.6B/sft/raw,scene/changed,24,16,0.6666666666666666,0.38243147751620765,0.3333333333333333,"[0.16666666666666666, 0.5416666666666666]",True
0.6B/sft/raw,scene/composition,24,16,0.6666666666666666,0.38243147751620765,0.0,"[0.0, 0.0]",True
0.6B/sft/raw,scene/long_head,24,10,0.4166666666666667,0.18810314814621193,-0.25,"[-0.4166666666666667, -0.08333333333333333]",False
0.6B/sft/raw,scene/long_middle,24,8,0.3333333333333333,0.13405921798577836,-0.3333333333333333,"[-0.5416666666666666, -0.16666666666666666]",False
0.6B/sft/raw,scene/long_tail,24,11,0.4583333333333333,0.217177600942336,-0.20833333333333334,"[-0.375, -0.08333333333333333]",False
0.6B/sft/interface,spatial/paraphrase,24,23,0.9583333333333334,0.6871587357347095,-0.041666666666666664,"[-0.125, 0.0]",False
0.6B/sft/interface,spatial/changed,24,24,1.0,0.745116778591288,0.0,"[0.0, 0.0]",True
0.6B/sft/interface,spatial/composition,24,24,1.0,0.745116778591288,0.0,"[0.0, 0.0]",True
0.6B/sft/interface,spatial/long_head,24,24,1.0,0.745116778591288,0.0,"[0.0, 0.0]",True
0.6B/sft/interface,spatial/long_middle,24,22,0.9166666666666666,0.6351114787856744,-0.08333333333333333,"[-0.20833333333333334, 0.0]",False
0.6B/sft/interface,spatial/long_tail,24,24,1.0,0.745116778591288,0.0,"[0.0, 0.0]",True
0.6B/sft/interface,action/paraphrase,24,0,0.0,0.0,-1.0,"[-1.0, -1.0]",False
0.6B/sft/interface,action/changed,24,24,1.0,0.745116778591288,0.0,"[0.0, 0.0]",True
0.6B/sft/interface,action/composition,24,22,0.9166666666666666,0.6351114787856744,-0.08333333333333333,"[-0.20833333333333334, 0.0]",False
0.6B/sft/interface,action/long_head,24,0,0.0,0.0,-1.0,"[-1.0, -1.0]",False
0.6B/sft/interface,action/long_middle,24,0,0.0,0.0,-1.0,"[-1.0, -1.0]",False
0.6B/sft/interface,action/long_tail,24,0,0.0,0.0,-1.0,"[-1.0, -1.0]",False
0.6B/sft/interface,objects/paraphrase,24,23,0.9583333333333334,0.6871587357347095,0.0,"[0.0, 0.0]",True
0.6B/sft/interface,objects/changed,24,23,0.9583333333333334,0.6871587357347095,0.0,"[0.0, 0.0]",True
0.6B/sft/interface,objects/composition,24,23,0.9583333333333334,0.6871587357347095,0.0,"[0.0, 0.0]",True
0.6B/sft/interface,objects/long_head,24,23,0.9583333333333334,0.6871587357347095,0.0,"[0.0, 0.0]",True
0.6B/sft/interface,objects/long_middle,24,23,0.9583333333333334,0.6871587357347095,0.0,"[0.0, 0.0]",True
0.6B/sft/interface,objects/long_tail,24,23,0.9583333333333334,0.6871587357347095,0.0,"[0.0, 0.0]",True
0.6B/sft/interface,scene/paraphrase,24,14,0.5833333333333334,0.3122892779114266,-0.08333333333333333,"[-0.20833333333333334, 0.0]",False
0.6B/sft/interface,scene/changed,24,16,0.6666666666666666,0.38243147751620765,0.3333333333333333,"[0.16666666666666666, 0.5416666666666666]",True
0.6B/sft/interface,scene/composition,24,16,0.6666666666666666,0.38243147751620765,0.0,"[0.0, 0.0]",True
0.6B/sft/interface,scene/long_head,24,10,0.4166666666666667,0.18810314814621193,-0.25,"[-0.4166666666666667, -0.08333333333333333]",False
0.6B/sft/interface,scene/long_middle,24,8,0.3333333333333333,0.13405921798577836,-0.3333333333333333,"[-0.5416666666666666, -0.16666666666666666]",False
0.6B/sft/interface,scene/long_tail,24,11,0.4583333333333333,0.217177600942336,-0.20833333333333334,"[-0.375, -0.08333333333333333]",False
8B/base/raw,spatial/paraphrase,24,22,0.9166666666666666,0.6351114787856744,-0.08333333333333333,"[-0.20833333333333334, 0.0]",False
8B/base/raw,spatial/changed,24,24,1.0,0.745116778591288,0.0,"[0.0, 0.0]",True
8B/base/raw,spatial/composition,24,24,1.0,0.745116778591288,0.0,"[0.0, 0.0]",True
8B/base/raw,spatial/long_head,24,24,1.0,0.745116778591288,0.0,"[0.0, 0.0]",True
8B/base/raw,spatial/long_middle,24,24,1.0,0.745116778591288,0.0,"[0.0, 0.0]",True
8B/base/raw,spatial/long_tail,24,23,0.9583333333333334,0.6871587357347095,-0.041666666666666664,"[-0.125, 0.0]",False
8B/base/raw,action/paraphrase,24,2,0.08333333333333333,0.014180829959600986,-0.125,"[-0.2916666666666667, 0.0]",False
8B/base/raw,action/changed,24,0,0.0,0.0,0.0,"[-0.25, 0.25]",False
8B/base/raw,action/composition,24,2,0.08333333333333333,0.014180829959600986,0.125,"[-0.08333333333333333, 0.375]",False
8B/base/raw,action/long_head,24,5,0.20833333333333334,0.06458115837948862,0.2916666666666667,"[0.125, 0.5]",True
8B/base/raw,action/long_middle,24,4,0.16666666666666666,0.04518445169606957,0.375,"[0.16666666666666666, 0.5833333333333334]",True
8B/base/raw,action/long_tail,24,5,0.20833333333333334,0.06458115837948862,0.3333333333333333,"[0.16666666666666666, 0.5]",True
8B/base/raw,objects/paraphrase,24,23,0.9583333333333334,0.6871587357347095,0.0,"[0.0, 0.0]",True
8B/base/raw,objects/changed,24,23,0.9583333333333334,0.6871587357347095,0.0,"[0.0, 0.0]",True
8B/base/raw,objects/composition,24,23,0.9583333333333334,0.6871587357347095,0.0,"[0.0, 0.0]",True
8B/base/raw,objects/long_head,24,23,0.9583333333333334,0.6871587357347095,0.0,"[0.0, 0.0]",True
8B/base/raw,objects/long_middle,24,23,0.9583333333333334,0.6871587357347095,0.0,"[0.0, 0.0]",True
8B/base/raw,objects/long_tail,24,23,0.9583333333333334,0.6871587357347095,0.0,"[0.0, 0.0]",True
8B/base/raw,scene/paraphrase,24,22,0.9166666666666666,0.6351114787856744,-0.08333333333333333,"[-0.20833333333333334, 0.0]",False
8B/base/raw,scene/changed,24,24,1.0,0.745116778591288,0.0,"[0.0, 0.0]",True
8B/base/raw,scene/composition,24,16,0.6666666666666666,0.38243147751620765,-0.3333333333333333,"[-0.5416666666666666, -0.16666666666666666]",False
8B/base/raw,scene/long_head,24,8,0.3333333333333333,0.13405921798577836,-0.6666666666666666,"[-0.8333333333333334, -0.4583333333333333]",False
8B/base/raw,scene/long_middle,24,8,0.3333333333333333,0.13405921798577836,-0.6666666666666666,"[-0.8333333333333334, -0.4583333333333333]",False
8B/base/raw,scene/long_tail,24,8,0.3333333333333333,0.13405921798577836,-0.6666666666666666,"[-0.8333333333333334, -0.4583333333333333]",False
8B/base/interface,spatial/paraphrase,24,22,0.9166666666666666,0.6351114787856744,-0.08333333333333333,"[-0.20833333333333334, 0.0]",False
8B/base/interface,spatial/changed,24,24,1.0,0.745116778591288,0.0,"[0.0, 0.0]",True
8B/base/interface,spatial/composition,24,24,1.0,0.745116778591288,0.0,"[0.0, 0.0]",True
8B/base/interface,spatial/long_head,24,24,1.0,0.745116778591288,0.0,"[0.0, 0.0]",True
8B/base/interface,spatial/long_middle,24,24,1.0,0.745116778591288,0.0,"[0.0, 0.0]",True
8B/base/interface,spatial/long_tail,24,23,0.9583333333333334,0.6871587357347095,-0.041666666666666664,"[-0.125, 0.0]",False
8B/base/interface,action/paraphrase,24,2,0.08333333333333333,0.014180829959600986,-0.9166666666666666,"[-1.0, -0.7916666666666666]",False
8B/base/interface,action/changed,24,24,1.0,0.745116778591288,0.0,"[0.0, 0.0]",True
8B/base/interface,action/composition,24,9,0.375,0.16037847580040623,-0.625,"[-0.8333333333333334, -0.4166666666666667]",False
8B/base/interface,action/long_head,24,0,0.0,0.0,-1.0,"[-1.0, -1.0]",False
8B/base/interface,action/long_middle,24,0,0.0,0.0,-1.0,"[-1.0, -1.0]",False
8B/base/interface,action/long_tail,24,0,0.0,0.0,-1.0,"[-1.0, -1.0]",False
8B/base/interface,objects/paraphrase,24,23,0.9583333333333334,0.6871587357347095,0.0,"[0.0, 0.0]",True
8B/base/interface,objects/changed,24,23,0.9583333333333334,0.6871587357347095,0.0,"[0.0, 0.0]",True
8B/base/interface,objects/composition,24,23,0.9583333333333334,0.6871587357347095,0.0,"[0.0, 0.0]",True
8B/base/interface,objects/long_head,24,23,0.9583333333333334,0.6871587357347095,0.0,"[0.0, 0.0]",True
8B/base/interface,objects/long_middle,24,23,0.9583333333333334,0.6871587357347095,0.0,"[0.0, 0.0]",True
8B/base/interface,objects/long_tail,24,23,0.9583333333333334,0.6871587357347095,0.0,"[0.0, 0.0]",True
8B/base/interface,scene/paraphrase,24,22,0.9166666666666666,0.6351114787856744,-0.08333333333333333,"[-0.20833333333333334, 0.0]",False
8B/base/interface,scene/changed,24,24,1.0,0.745116778591288,0.0,"[0.0, 0.0]",True
8B/base/interface,scene/composition,24,16,0.6666666666666666,0.38243147751620765,-0.3333333333333333,"[-0.5416666666666666, -0.16666666666666666]",False
8B/base/interface,scene/long_head,24,8,0.3333333333333333,0.13405921798577836,-0.6666666666666666,"[-0.8333333333333334, -0.4583333333333333]",False
8B/base/interface,scene/long_middle,24,8,0.3333333333333333,0.13405921798577836,-0.6666666666666666,"[-0.8333333333333334, -0.4583333333333333]",False
8B/base/interface,scene/long_tail,24,8,0.3333333333333333,0.13405921798577836,-0.6666666666666666,"[-0.8333333333333334, -0.4583333333333333]",False
8B/sft/raw,spatial/paraphrase,24,24,1.0,0.745116778591288,0.0,"[0.0, 0.0]",True
8B/sft/raw,spatial/changed,24,24,1.0,0.745116778591288,0.0,"[0.0, 0.0]",True
8B/sft/raw,spatial/composition,24,24,1.0,0.745116778591288,0.0,"[0.0, 0.0]",True
8B/sft/raw,spatial/long_head,24,24,1.0,0.745116778591288,0.0,"[0.0, 0.0]",True
8B/sft/raw,spatial/long_middle,24,24,1.0,0.745116778591288,0.0,"[0.0, 0.0]",True
8B/sft/raw,spatial/long_tail,24,24,1.0,0.745116778591288,0.0,"[0.0, 0.0]",True
8B/sft/raw,action/paraphrase,24,0,0.0,0.0,-1.0,"[-1.0, -1.0]",False
8B/sft/raw,action/changed,24,24,1.0,0.745116778591288,0.0,"[0.0, 0.0]",True
8B/sft/raw,action/composition,24,24,1.0,0.745116778591288,0.0,"[0.0, 0.0]",True
8B/sft/raw,action/long_head,24,24,1.0,0.745116778591288,0.0,"[0.0, 0.0]",True
8B/sft/raw,action/long_middle,24,24,1.0,0.745116778591288,0.0,"[0.0, 0.0]",True
8B/sft/raw,action/long_tail,24,24,1.0,0.745116778591288,0.0,"[0.0, 0.0]",True
8B/sft/raw,objects/paraphrase,24,23,0.9583333333333334,0.6871587357347095,0.0,"[0.0, 0.0]",True
8B/sft/raw,objects/changed,24,23,0.9583333333333334,0.6871587357347095,0.0,"[0.0, 0.0]",True
8B/sft/raw,objects/composition,24,23,0.9583333333333334,0.6871587357347095,0.0,"[0.0, 0.0]",True
8B/sft/raw,objects/long_head,24,23,0.9583333333333334,0.6871587357347095,0.0,"[0.0, 0.0]",True
8B/sft/raw,objects/long_middle,24,23,0.9583333333333334,0.6871587357347095,0.0,"[0.0, 0.0]",True
8B/sft/raw,objects/long_tail,24,23,0.9583333333333334,0.6871587357347095,0.0,"[0.0, 0.0]",True
8B/sft/raw,scene/paraphrase,24,24,1.0,0.745116778591288,0.0,"[0.0, 0.0]",True
8B/sft/raw,scene/changed,24,24,1.0,0.745116778591288,0.0,"[0.0, 0.0]",True
8B/sft/raw,scene/composition,24,17,0.7083333333333334,0.41969530464256477,-0.2916666666666667,"[-0.5, -0.125]",False
8B/sft/raw,scene/long_head,24,9,0.375,0.16037847580040623,-0.625,"[-0.8333333333333334, -0.4166666666666667]",False
8B/sft/raw,scene/long_middle,24,9,0.375,0.16037847580040623,-0.625,"[-0.8333333333333334, -0.4166666666666667]",False
8B/sft/raw,scene/long_tail,24,9,0.375,0.16037847580040623,-0.625,"[-0.8333333333333334, -0.4166666666666667]",False
8B/sft/interface,spatial/paraphrase,24,24,1.0,0.745116778591288,0.0,"[0.0, 0.0]",True
8B/sft/interface,spatial/changed,24,24,1.0,0.745116778591288,0.0,"[0.0, 0.0]",True
8B/sft/interface,spatial/composition,24,24,1.0,0.745116778591288,0.0,"[0.0, 0.0]",True
8B/sft/interface,spatial/long_head,24,24,1.0,0.745116778591288,0.0,"[0.0, 0.0]",True
8B/sft/interface,spatial/long_middle,24,24,1.0,0.745116778591288,0.0,"[0.0, 0.0]",True
8B/sft/interface,spatial/long_tail,24,24,1.0,0.745116778591288,0.0,"[0.0, 0.0]",True
8B/sft/interface,action/paraphrase,24,0,0.0,0.0,-1.0,"[-1.0, -1.0]",False
8B/sft/interface,action/changed,24,24,1.0,0.745116778591288,0.0,"[0.0, 0.0]",True
8B/sft/interface,action/composition,24,24,1.0,0.745116778591288,0.0,"[0.0, 0.0]",True
8B/sft/interface,action/long_head,24,0,0.0,0.0,-1.0,"[-1.0, -1.0]",False
8B/sft/interface,action/long_middle,24,0,0.0,0.0,-1.0,"[-1.0, -1.0]",False
8B/sft/interface,action/long_tail,24,0,0.0,0.0,-1.0,"[-1.0, -1.0]",False
8B/sft/interface,objects/paraphrase,24,23,0.9583333333333334,0.6871587357347095,0.0,"[0.0, 0.0]",True
8B/sft/interface,objects/changed,24,23,0.9583333333333334,0.6871587357347095,0.0,"[0.0, 0.0]",True
8B/sft/interface,objects/composition,24,23,0.9583333333333334,0.6871587357347095,0.0,"[0.0, 0.0]",True
8B/sft/interface,objects/long_head,24,23,0.9583333333333334,0.6871587357347095,0.0,"[0.0, 0.0]",True
8B/sft/interface,objects/long_middle,24,23,0.9583333333333334,0.6871587357347095,0.0,"[0.0, 0.0]",True
8B/sft/interface,objects/long_tail,24,23,0.9583333333333334,0.6871587357347095,0.0,"[0.0, 0.0]",True
8B/sft/interface,scene/paraphrase,24,24,1.0,0.745116778591288,0.0,"[0.0, 0.0]",True
8B/sft/interface,scene/changed,24,24,1.0,0.745116778591288,0.0,"[0.0, 0.0]",True
8B/sft/interface,scene/composition,24,17,0.7083333333333334,0.41969530464256477,-0.2916666666666667,"[-0.5, -0.125]",False
8B/sft/interface,scene/long_head,24,9,0.375,0.16037847580040623,-0.625,"[-0.8333333333333334, -0.4166666666666667]",False
8B/sft/interface,scene/long_middle,24,9,0.375,0.16037847580040623,-0.625,"[-0.8333333333333334, -0.4166666666666667]",False
8B/sft/interface,scene/long_tail,24,9,0.375,0.16037847580040623,-0.625,"[-0.8333333333333334, -0.4166666666666667]",False
