size,mode,source,caption,n,accuracy_against_intact_labels,macro_recall,insufficient_prediction_rate,supported,contradicted,insufficient
0.6,base,engineered,intact,24,0.3333333333333333,0.3333333333333333,0.0,1.0,0.0,0.0
0.6,base,engineered,missing,24,0.3333333333333333,0.3333333333333333,0.0,1.0,0.0,0.0
0.6,base,engineered,shuffled,24,0.3333333333333333,0.3333333333333333,0.0,1.0,0.0,0.0
0.6,base,snli_test_locations,intact,74,0.40540540540540543,0.3333333333333333,0.0,1.0,0.0,0.0
0.6,base,snli_test_locations,missing,74,0.40540540540540543,0.3333333333333333,0.0,1.0,0.0,0.0
0.6,base,snli_test_locations,shuffled,74,0.40540540540540543,0.3333333333333333,0.0,1.0,0.0,0.0
0.6,sft,engineered,intact,24,0.6666666666666666,0.6666666666666666,0.0,1.0,1.0,0.0
0.6,sft,engineered,missing,24,0.3333333333333333,0.3333333333333333,1.0,0.0,0.0,1.0
0.6,sft,engineered,shuffled,24,0.3333333333333333,0.3333333333333333,0.0,0.0,1.0,0.0
0.6,sft,snli_test_locations,intact,74,0.4864864864864865,0.49742690058479533,0.47297297297297297,0.43333333333333335,0.48,0.5789473684210527
0.6,sft,snli_test_locations,missing,74,0.25675675675675674,0.3333333333333333,1.0,0.0,0.0,1.0
0.6,sft,snli_test_locations,shuffled,74,0.32432432432432434,0.3381286549707602,0.43243243243243246,0.23333333333333334,0.36,0.42105263157894735
8,base,engineered,intact,24,1.0,1.0,0.3333333333333333,1.0,1.0,1.0
8,base,engineered,missing,24,0.3333333333333333,0.3333333333333333,1.0,0.0,0.0,1.0
8,base,engineered,shuffled,24,0.08333333333333333,0.08333333333333333,0.08333333333333333,0.0,0.25,0.0
8,base,snli_test_locations,intact,74,0.6891891891891891,0.628187134502924,0.08108108108108109,0.9666666666666667,0.76,0.15789473684210525
8,base,snli_test_locations,missing,74,0.25675675675675674,0.3333333333333333,1.0,0.0,0.0,1.0
8,base,snli_test_locations,shuffled,74,0.5135135135135135,0.487719298245614,0.17567567567567569,0.6,0.6,0.2631578947368421
8,sft,engineered,intact,24,1.0,1.0,0.3333333333333333,1.0,1.0,1.0
8,sft,engineered,missing,24,0.3333333333333333,0.3333333333333333,1.0,0.0,0.0,1.0
8,sft,engineered,shuffled,24,0.041666666666666664,0.041666666666666664,0.125,0.0,0.125,0.0
8,sft,snli_test_locations,intact,74,0.7567567567567568,0.7223391812865497,0.17567567567567569,0.9333333333333333,0.76,0.47368421052631576
8,sft,snli_test_locations,missing,74,0.25675675675675674,0.3333333333333333,1.0,0.0,0.0,1.0
8,sft,snli_test_locations,shuffled,74,0.44594594594594594,0.42350877192982456,0.21621621621621623,0.5,0.56,0.21052631578947367
