Scheme,Variant,Condition,N,Original,Mirrored,Delta (CI)
Repair-model,articles_only,all,980,0.2980998448108246,0.2980998448108246,"0.0000 [0.0000, 0.0000]"
Repair-model,articles_only,mixed_or_no_direction,776,0.23450499721432283,0.23450499721432283,"0.0000 [0.0000, 0.0000]"
Repair-model,articles_only,one_sided_contradicted,98,0.5186773330794778,0.5186773330794778,"0.0000 [0.0000, 0.0000]"
Repair-model,articles_only,one_sided_supported,106,0.5597319946651381,0.5597319946651381,"0.0000 [0.0000, 0.0000]"
Repair-model,legacy,all,980,0.28020364487211663,0.28020364487211663,"0.0000 [0.0000, 0.0000]"
Repair-model,legacy,mixed_or_no_direction,776,0.21727648278249154,0.21727648278249154,"0.0000 [0.0000, 0.0000]"
Repair-model,legacy,one_sided_contradicted,98,0.5079059126790855,0.5079059126790855,"0.0000 [0.0000, 0.0000]"
Repair-model,legacy,one_sided_supported,106,0.5303607725746275,0.5303607725746275,"0.0000 [0.0000, 0.0000]"
Repair-model,ordered_unsigned,all,980,0.122602990160152,0.122602990160152,"0.0000 [0.0000, 0.0000]"
Repair-model,ordered_unsigned,mixed_or_no_direction,776,0.047127653248650085,0.047127653248650085,"0.0000 [0.0000, 0.0000]"
Repair-model,ordered_unsigned,one_sided_contradicted,98,0.37244668701181805,0.37244668701181805,"0.0000 [0.0000, 0.0000]"
Repair-model,ordered_unsigned,one_sided_supported,106,0.4441518500833804,0.4441518500833804,"0.0000 [0.0000, 0.0000]"
Repair-model,signed_repair_v2,all,980,0.07584164040313494,0.06057063078599812,"-0.0153 [-0.0291, -0.0008]"
Repair-model,signed_repair_v2,mixed_or_no_direction,776,0.03510916428638395,0.029458044900927804,"-0.0057 [-0.0148, 0.0026]"
Repair-model,signed_repair_v2,one_sided_contradicted,98,0.0,0.37244668701181805,"0.3724 [0.2989, 0.4471]"
Repair-model,signed_repair_v2,one_sided_supported,106,0.4441518500833804,0.0,"-0.4442 [-0.5253, -0.3492]"
Repair-rule,articles_only,all,980,0.2980998448108246,0.2980998448108246,"0.0000 [0.0000, 0.0000]"
Repair-rule,articles_only,mixed_or_no_direction,776,0.23450499721432283,0.23450499721432283,"0.0000 [0.0000, 0.0000]"
Repair-rule,articles_only,one_sided_contradicted,98,0.5186773330794778,0.5186773330794778,"0.0000 [0.0000, 0.0000]"
Repair-rule,articles_only,one_sided_supported,106,0.5597319946651381,0.5597319946651381,"0.0000 [0.0000, 0.0000]"
Repair-rule,legacy,all,980,0.2980998448108246,0.2980998448108246,"0.0000 [0.0000, 0.0000]"
Repair-rule,legacy,mixed_or_no_direction,776,0.23450499721432283,0.23450499721432283,"0.0000 [0.0000, 0.0000]"
Repair-rule,legacy,one_sided_contradicted,98,0.5186773330794778,0.5186773330794778,"0.0000 [0.0000, 0.0000]"
Repair-rule,legacy,one_sided_supported,106,0.5597319946651381,0.5597319946651381,"0.0000 [0.0000, 0.0000]"
Repair-rule,ordered_unsigned,all,980,0.122602990160152,0.122602990160152,"0.0000 [0.0000, 0.0000]"
Repair-rule,ordered_unsigned,mixed_or_no_direction,776,0.047127653248650085,0.047127653248650085,"0.0000 [0.0000, 0.0000]"
Repair-rule,ordered_unsigned,one_sided_contradicted,98,0.37244668701181805,0.37244668701181805,"0.0000 [0.0000, 0.0000]"
Repair-rule,ordered_unsigned,one_sided_supported,106,0.4441518500833804,0.4441518500833804,"0.0000 [0.0000, 0.0000]"
Repair-rule,signed_repair_v2,all,980,0.07584164040313494,0.06057063078599812,"-0.0153 [-0.0291, -0.0008]"
Repair-rule,signed_repair_v2,mixed_or_no_direction,776,0.03510916428638395,0.029458044900927804,"-0.0057 [-0.0148, 0.0026]"
Repair-rule,signed_repair_v2,one_sided_contradicted,98,0.0,0.37244668701181805,"0.3724 [0.2989, 0.4471]"
Repair-rule,signed_repair_v2,one_sided_supported,106,0.4441518500833804,0.0,"-0.4442 [-0.5253, -0.3492]"
