task,scheme,planned_videos,eligible_videos,families,mean,ci_low,ci_high,coverage,abstention
action,Origin,1200,1200,60,0.8891666666666667,0.8425,0.9275,1.0,0.0
action,Repair-model,1200,1200,60,0.8891666666666667,0.8425,0.9275,1.0,0.0
action,Repair-rule,1200,1200,60,0.8891666666666667,0.8425,0.9275,1.0,0.0
objects,Origin,980,980,49,0.2843112244897959,0.24260204081632653,0.326594387755102,1.0,0.0
objects,Repair-model,980,980,49,0.261734693877551,0.21996173469387756,0.3044642857142857,1.0,0.022576530612244898
objects,Repair-rule,980,980,49,0.261734693877551,0.21996173469387756,0.3044642857142857,1.0,0.022576530612244898
scene,Origin,1040,1040,52,0.3638221153846154,0.2915264423076923,0.4386418269230769,1.0,0.0
scene,Repair-model,1040,1040,52,0.6891225961538462,0.6296274038461539,0.7444711538461538,1.0,0.2169471153846154
scene,Repair-rule,1040,1040,52,0.3738581730769231,0.3038461538461538,0.44405048076923076,1.0,0.0
spatial,Origin,1300,980,49,0.2980998448108246,0.2534882052815652,0.34394113723831393,1.0,0.0
spatial,Repair-model,1300,980,49,0.07584164040313494,0.0533308890823859,0.10041753048159997,1.0,0.0
spatial,Repair-rule,1300,980,49,0.07584164040313494,0.0533308890823859,0.10041753048159997,1.0,0.0
