version,position,method,constructed,paired,origin_mae,repair_mae,repair_worst,joint_success,subject_scored,subject_positive,mean_target_complete
v3,end,direct_exclude,34,33,0.053751746813456215,0.009130414688225948,0.07716977596282959,1,33,30,False
v3,end,direct_zero,34,34,0.05457543625551112,0.05810641935643028,0.41216808557510376,1,34,33,False
v3,end,tracked_exclude,34,33,0.053751746813456215,0.012203086506236683,0.08924877643585205,1,33,30,False
v3,end,tracked_zero,34,34,0.05457543625551112,0.049781426787376404,0.41371041536331177,1,34,32,False
v3,full,direct_exclude,34,33,0.05827738299514308,0.020256273674242424,0.12208706140518188,1,27,21,False
v3,full,direct_zero,34,34,0.060218144865597,0.15900718397460878,0.942230231128633,2,34,29,False
v3,full,tracked_exclude,34,33,0.05827738299514308,0.024740190216989227,0.13738584518432617,1,27,21,False
v3,full,tracked_zero,34,34,0.060218144865597,0.14279246800031295,0.9436394637450576,2,34,29,False
v3,middle,direct_exclude,34,33,0.06281512795072614,0.009498489625526197,0.038674354553222656,3,33,26,False
v3,middle,direct_zero,34,34,0.06281979644999784,0.061363076024195724,0.4018670916557312,2,34,33,False
v3,middle,tracked_exclude,34,33,0.06281512795072614,0.010979088869961824,0.04898351430892944,2,33,27,False
v3,middle,tracked_zero,34,34,0.06281979644999784,0.05321688424138462,0.3996502161026001,1,34,33,False
v3,start,direct_exclude,34,33,0.13082417755415945,0.007855856057369348,0.035764336585998535,10,33,25,False
v3,start,direct_zero,34,34,0.13136376528178945,0.04714549890281085,0.3674769401550293,8,34,33,False
v3,start,tracked_exclude,34,33,0.13082417755415945,0.00904586459651138,0.041698575019836426,10,33,24,False
v3,start,tracked_zero,34,34,0.13136376528178945,0.04322741168332012,0.3678123950958252,8,34,33,False
v4,end,anchor_exclude,34,34,0.05457543625551112,0.01776859164237976,0.0793575644493103,1,33,32,False
v4,end,anchor_zero,34,34,0.05457543625551112,0.01776859164237976,0.0793575644493103,1,34,33,False
v4,end,direct_exclude,34,33,0.053751746813456215,0.009130414688225948,0.07716977596282959,1,33,30,False
v4,end,direct_zero,34,34,0.05457543625551112,0.05810641935643028,0.41216808557510376,1,34,33,False
v4,full,anchor_exclude,34,34,0.060218144865597,0.030572952593074125,0.09580814838409424,0,28,22,False
v4,full,anchor_zero,34,34,0.060218144865597,0.030572952593074125,0.09580814838409424,0,34,28,False
v4,full,direct_exclude,34,33,0.05827738299514308,0.020256273674242424,0.12208706140518188,1,27,21,False
v4,full,direct_zero,34,34,0.060218144865597,0.15900718397460878,0.942230231128633,2,34,29,False
v4,middle,anchor_exclude,34,34,0.06281979644999784,0.021623862140318927,0.11794513463973999,1,34,34,False
v4,middle,anchor_zero,34,34,0.06281979644999784,0.021623862140318927,0.11794513463973999,1,34,34,False
v4,middle,direct_exclude,34,33,0.06281512795072614,0.009498489625526197,0.038674354553222656,3,33,26,False
v4,middle,direct_zero,34,34,0.06281979644999784,0.061363076024195724,0.4018670916557312,2,34,33,False
v4,start,anchor_exclude,34,34,0.13136376528178945,0.016753456171821144,0.08691000938415527,7,34,31,False
v4,start,anchor_zero,34,34,0.13136376528178945,0.016753456171821144,0.08691000938415527,7,34,31,False
v4,start,direct_exclude,34,33,0.13082417755415945,0.007855856057369348,0.035764336585998535,10,33,25,False
v4,start,direct_zero,34,34,0.13136376528178945,0.04714549890281085,0.3674769401550293,8,34,33,False
v5,end,direct_exclude,34,33,0.053751746813456215,0.009130414688225948,0.07716977596282959,1,33,30,False
v5,end,direct_zero,34,34,0.05457543625551112,0.05810641935643028,0.41216808557510376,1,34,33,False
v5,end,hybrid_exclude,34,34,0.05457543625551112,0.01446399267982034,0.07716977596282959,1,33,32,False
v5,end,hybrid_zero,34,34,0.05457543625551112,0.01446399267982034,0.07716977596282959,1,34,33,False
v5,full,direct_exclude,34,33,0.05827738299514308,0.020256273674242424,0.12208706140518188,1,27,21,False
v5,full,direct_zero,34,34,0.060218144865597,0.15900718397460878,0.942230231128633,2,34,29,False
v5,full,hybrid_exclude,34,34,0.060218144865597,0.02490069410380195,0.12208706140518188,1,28,23,False
v5,full,hybrid_zero,34,34,0.060218144865597,0.02490069410380195,0.12208706140518188,1,34,29,False
v5,middle,direct_exclude,34,33,0.06281512795072614,0.009498489625526197,0.038674354553222656,3,33,26,False
v5,middle,direct_zero,34,34,0.06281979644999784,0.061363076024195724,0.4018670916557312,2,34,33,False
v5,middle,hybrid_exclude,34,34,0.06281979644999784,0.01565966536017025,0.10281211137771606,2,34,34,False
v5,middle,hybrid_zero,34,34,0.06281979644999784,0.01565966536017025,0.10281211137771606,2,34,34,False
v5,start,direct_exclude,34,33,0.13082417755415945,0.007855856057369348,0.035764336585998535,10,33,25,False
v5,start,direct_zero,34,34,0.13136376528178945,0.04714549890281085,0.3674769401550293,8,34,33,False
v5,start,hybrid_exclude,34,34,0.13136376528178945,0.009978623951182646,0.0516853928565979,10,34,34,True
v5,start,hybrid_zero,34,34,0.13136376528178945,0.009978623951182646,0.0516853928565979,10,34,34,True
