Dim,Condition,Scheme,N/families,Before,After,Delta (95% CI)
action,class swap,Origin,1200/60,0.8891666666666667,0.0016666666666666668,"-0.8875 [-0.9275, -0.8417]"
action,mixed oov,Origin,1200/60,0.8891666666666667,0.0,"-0.8892 [-0.9283, -0.8433]"
action,oov,Origin,1200/60,0.8891666666666667,0.0,"-0.8892 [-0.9283, -0.8433]"
action,synonym,Origin,1200/60,0.8891666666666667,0.0,"-0.8892 [-0.9283, -0.8433]"
action,class swap,Repair-model,1200/60,0.865,0.0016666666666666668,"-0.8633 [-0.9150, -0.8017]"
action,mixed oov,Repair-model,1200/60,0.865,0.34125,"-0.5238 [-0.5796, -0.4721]"
action,oov,Repair-model,1200/60,0.865,0.0,"-0.8650 [-0.9150, -0.8067]"
action,synonym,Repair-model,1200/60,0.865,0.37833333333333335,"-0.4867 [-0.5975, -0.3758]"
action,class swap,Repair-rule,1200/60,0.8891666666666667,0.0016666666666666668,"-0.8875 [-0.9275, -0.8417]"
action,mixed oov,Repair-rule,1200/60,0.8891666666666667,0.44458333333333333,"-0.4446 [-0.4642, -0.4217]"
action,oov,Repair-rule,1200/60,0.8891666666666667,0.0,"-0.8892 [-0.9283, -0.8433]"
action,synonym,Repair-rule,1200/60,0.8891666666666667,0.8891666666666667,"0.0000 [0.0000, 0.0000]"
objects,background mask 0.0,Origin,980/49,0.2843112244897959,0.2843112244897959,"0.0000 [0.0000, 0.0000]"
objects,background mask 0.5,Origin,980/49,0.2843112244897959,0.09508928571428571,"-0.1892 [-0.2261, -0.1552]"
objects,background mask 0.8,Origin,980/49,0.2843112244897959,0.062181122448979595,"-0.2221 [-0.2625, -0.1849]"
objects,background mask 1.0,Origin,980/49,0.2843112244897959,0.04017857142857143,"-0.2441 [-0.2869, -0.2045]"
objects,non target mask 0.0,Origin,980/49,0.2843112244897959,0.2843112244897959,"0.0000 [0.0000, 0.0000]"
objects,non target mask 0.5,Origin,980/49,0.2843112244897959,0.0916454081632653,"-0.1927 [-0.2249, -0.1620]"
objects,non target mask 0.8,Origin,980/49,0.2843112244897959,0.026721938775510205,"-0.2576 [-0.2992, -0.2200]"
objects,non target mask 1.0,Origin,980/49,0.2843112244897959,0.007589285714285714,"-0.2767 [-0.3193, -0.2355]"
objects,target mask 0.0,Origin,980/49,0.2843112244897959,0.2843112244897959,"0.0000 [0.0000, 0.0000]"
objects,target mask 0.5,Origin,980/49,0.2843112244897959,0.21517857142857144,"-0.0691 [-0.0905, -0.0471]"
objects,target mask 0.8,Origin,980/49,0.2843112244897959,0.0882015306122449,"-0.1961 [-0.2297, -0.1642]"
objects,target mask 1.0,Origin,980/49,0.2843112244897959,0.017538265306122448,"-0.2668 [-0.3100, -0.2250]"
objects,background mask 0.0,Repair-model,980/49,0.2843112244897959,0.2843112244897959,"0.0000 [0.0000, 0.0000]"
objects,background mask 0.5,Repair-model,980/49,0.2843112244897959,0.09508928571428571,"-0.1892 [-0.2261, -0.1552]"
objects,background mask 0.8,Repair-model,980/49,0.2843112244897959,0.062181122448979595,"-0.2221 [-0.2625, -0.1849]"
objects,background mask 1.0,Repair-model,980/49,0.2843112244897959,0.04017857142857143,"-0.2441 [-0.2869, -0.2045]"
objects,non target mask 0.0,Repair-model,980/49,0.2843112244897959,0.2843112244897959,"0.0000 [0.0000, 0.0000]"
objects,non target mask 0.5,Repair-model,980/49,0.2843112244897959,0.0916454081632653,"-0.1927 [-0.2249, -0.1620]"
objects,non target mask 0.8,Repair-model,980/49,0.2843112244897959,0.026721938775510205,"-0.2576 [-0.2992, -0.2200]"
objects,non target mask 1.0,Repair-model,980/49,0.2843112244897959,0.007589285714285714,"-0.2767 [-0.3193, -0.2355]"
objects,target mask 0.0,Repair-model,980/49,0.2843112244897959,0.2843112244897959,"0.0000 [0.0000, 0.0000]"
objects,target mask 0.5,Repair-model,980/49,0.2843112244897959,0.21517857142857144,"-0.0691 [-0.0905, -0.0471]"
objects,target mask 0.8,Repair-model,980/49,0.2843112244897959,0.0882015306122449,"-0.1961 [-0.2297, -0.1642]"
objects,target mask 1.0,Repair-model,980/49,0.2843112244897959,0.017538265306122448,"-0.2668 [-0.3100, -0.2250]"
objects,background mask 0.0,Repair-rule,980/49,0.2843112244897959,0.2843112244897959,"0.0000 [0.0000, 0.0000]"
objects,background mask 0.5,Repair-rule,980/49,0.2843112244897959,0.09508928571428571,"-0.1892 [-0.2261, -0.1552]"
objects,background mask 0.8,Repair-rule,980/49,0.2843112244897959,0.062181122448979595,"-0.2221 [-0.2625, -0.1849]"
objects,background mask 1.0,Repair-rule,980/49,0.2843112244897959,0.04017857142857143,"-0.2441 [-0.2869, -0.2045]"
objects,non target mask 0.0,Repair-rule,980/49,0.2843112244897959,0.2843112244897959,"0.0000 [0.0000, 0.0000]"
objects,non target mask 0.5,Repair-rule,980/49,0.2843112244897959,0.0916454081632653,"-0.1927 [-0.2249, -0.1620]"
objects,non target mask 0.8,Repair-rule,980/49,0.2843112244897959,0.026721938775510205,"-0.2576 [-0.2992, -0.2200]"
objects,non target mask 1.0,Repair-rule,980/49,0.2843112244897959,0.007589285714285714,"-0.2767 [-0.3193, -0.2355]"
objects,target mask 0.0,Repair-rule,980/49,0.2843112244897959,0.2843112244897959,"0.0000 [0.0000, 0.0000]"
objects,target mask 0.5,Repair-rule,980/49,0.2843112244897959,0.21517857142857144,"-0.0691 [-0.0905, -0.0471]"
objects,target mask 0.8,Repair-rule,980/49,0.2843112244897959,0.0882015306122449,"-0.1961 [-0.2297, -0.1642]"
objects,target mask 1.0,Repair-rule,980/49,0.2843112244897959,0.017538265306122448,"-0.2668 [-0.3100, -0.2250]"
scene,class swap,Origin,1040/52,0.3638221153846154,0.0006009615384615385,"-0.3632 [-0.4380, -0.2915]"
scene,synonym,Origin,200/10,0.3059375,0.0540625,"-0.2519 [-0.4409, -0.0450]"
scene,class swap,Repair-model,1040/52,0.6891225961538462,0.01123798076923077,"-0.6779 [-0.7355, -0.6168]"
scene,synonym,Repair-model,200/10,0.6909375,0.6946875,"0.0037 [-0.0119, 0.0219]"
scene,class swap,Repair-rule,1040/52,0.3738581730769231,0.0006009615384615385,"-0.3733 [-0.4438, -0.3032]"
scene,synonym,Repair-rule,200/10,0.358125,0.358125,"0.0000 [0.0000, 0.0000]"
spatial,evidence mirror,Origin,980/49,0.2980998448108246,0.2980998448108246,"0.0000 [0.0000, 0.0000]"
spatial,evidence mirror joint,Origin,980/49,0.2980998448108246,0.2980998448108246,"0.0000 [0.0000, 0.0000]"
spatial,prompt swap,Origin,980/49,0.2980998448108246,0.2980998448108246,"0.0000 [0.0000, 0.0000]"
spatial,video mirror,Origin,980/49,0.2980998448108246,0.2968472116395387,"-0.0013 [-0.0137, 0.0111]"
spatial,video mirror joint,Origin,980/49,0.2980998448108246,0.2968472116395387,"-0.0013 [-0.0137, 0.0111]"
spatial,evidence mirror,Repair-model,980/49,0.28020364487211663,0.28020364487211663,"0.0000 [0.0000, 0.0000]"
spatial,evidence mirror joint,Repair-model,980/49,0.28020364487211663,0.28126966165798145,"0.0011 [-0.0125, 0.0157]"
spatial,prompt swap,Repair-model,980/49,0.28020364487211663,0.28126966165798145,"0.0011 [-0.0125, 0.0157]"
spatial,video mirror,Repair-model,980/49,0.28020364487211663,0.2765364177288636,"-0.0037 [-0.0154, 0.0084]"
spatial,video mirror joint,Repair-model,980/49,0.28020364487211663,0.27814446989579605,"-0.0021 [-0.0202, 0.0170]"
spatial,evidence mirror,Repair-rule,980/49,0.2980998448108246,0.2980998448108246,"0.0000 [0.0000, 0.0000]"
spatial,evidence mirror joint,Repair-rule,980/49,0.2980998448108246,0.2980998448108246,"0.0000 [0.0000, 0.0000]"
spatial,prompt swap,Repair-rule,980/49,0.2980998448108246,0.2980998448108246,"0.0000 [0.0000, 0.0000]"
spatial,video mirror,Repair-rule,980/49,0.2980998448108246,0.2968472116395387,"-0.0013 [-0.0137, 0.0111]"
spatial,video mirror joint,Repair-rule,980/49,0.2980998448108246,0.2968472116395387,"-0.0013 [-0.0137, 0.0111]"
