Task,Scheme,Families,Planned,Strict set F1 (CI),Normalized semantic F1,Exact (CI),Valid
action,Origin,60,60,"1.0000 [1.0000, 1.0000]",1.0,"1.0000 [1.0000, 1.0000]",1.0
action,Repair-rule,60,60,"1.0000 [1.0000, 1.0000]",1.0,"1.0000 [1.0000, 1.0000]",1.0
action,Repair-model,60,60,"0.9667 [0.9167, 1.0000]",0.9666666666666667,"0.9667 [0.9167, 1.0000]",1.0
objects,Origin,49,49,"1.0000 [1.0000, 1.0000]",1.0,"1.0000 [1.0000, 1.0000]",1.0
objects,Repair-rule,49,49,"1.0000 [1.0000, 1.0000]",1.0,"1.0000 [1.0000, 1.0000]",1.0
objects,Repair-model,49,49,"1.0000 [1.0000, 1.0000]",1.0,"1.0000 [1.0000, 1.0000]",1.0
spatial,Origin,49,65,"1.0000 [1.0000, 1.0000]",1.0,"1.0000 [1.0000, 1.0000]",1.0
spatial,Repair-rule,49,65,"1.0000 [1.0000, 1.0000]",1.0,"1.0000 [1.0000, 1.0000]",1.0
spatial,Repair-model,49,65,"0.9388 [0.8571, 1.0000]",1.0,"0.9388 [0.8571, 1.0000]",1.0
