Task,Scheme,Transform,Complete/planned,Before,After,Delta (CI)
action,Origin,class_swap,1200/1200,0.8891666666666667,0.0016666666666666668,"-0.8875 [-0.9275, -0.8417]"
action,Origin,identity,1200/1200,0.8891666666666667,0.8891666666666667,"0.0000 [0.0000, 0.0000]"
action,Origin,mixed_oov,1200/1200,0.8891666666666667,0.0,"-0.8892 [-0.9283, -0.8433]"
action,Origin,oov,1200/1200,0.8891666666666667,0.0,"-0.8892 [-0.9283, -0.8433]"
action,Origin,synonym,1200/1200,0.8891666666666667,0.0,"-0.8892 [-0.9283, -0.8433]"
action,Repair-model,class_swap,1200/1200,0.865,0.0016666666666666668,"-0.8633 [-0.9150, -0.8017]"
action,Repair-model,identity,1200/1200,0.865,0.865,"0.0000 [0.0000, 0.0000]"
action,Repair-model,mixed_oov,1200/1200,0.865,0.34125,"-0.5238 [-0.5796, -0.4721]"
action,Repair-model,oov,1200/1200,0.865,0.0,"-0.8650 [-0.9150, -0.8067]"
action,Repair-model,synonym,1200/1200,0.865,0.37833333333333335,"-0.4867 [-0.5975, -0.3758]"
action,Repair-rule,class_swap,1200/1200,0.8891666666666667,0.0016666666666666668,"-0.8875 [-0.9275, -0.8417]"
action,Repair-rule,identity,1200/1200,0.8891666666666667,0.8891666666666667,"0.0000 [0.0000, 0.0000]"
action,Repair-rule,mixed_oov,1200/1200,0.8891666666666667,0.44458333333333333,"-0.4446 [-0.4642, -0.4217]"
action,Repair-rule,oov,1200/1200,0.8891666666666667,0.0,"-0.8892 [-0.9283, -0.8433]"
action,Repair-rule,synonym,1200/1200,0.8891666666666667,0.8891666666666667,"0.0000 [0.0000, 0.0000]"
objects,Origin,background_occlusion_0.0,980/980,0.2843112244897959,0.2843112244897959,"0.0000 [0.0000, 0.0000]"
objects,Origin,background_occlusion_0.5,67/980,0.5447761194029851,0.5335820895522388,"-0.0112 [-0.0359, 0.0012]"
objects,Origin,background_occlusion_0.8,47/980,0.511968085106383,0.5106382978723404,"-0.0013 [-0.0083, 0.0067]"
objects,Origin,background_occlusion_1.0,25/980,0.485,0.4825,"-0.0025 [-0.0082, 0.0000]"
objects,Origin,identity,980/980,0.2843112244897959,0.2843112244897959,"0.0000 [0.0000, 0.0000]"
objects,Origin,non_target_occlusion_0.0,980/980,0.2843112244897959,0.2843112244897959,"0.0000 [0.0000, 0.0000]"
objects,Origin,non_target_occlusion_0.5,55/980,1.0,0.8159090909090909,"-0.1841 [-0.2685, -0.0991]"
objects,Origin,non_target_occlusion_0.8,38/980,1.0,0.22039473684210525,"-0.7796 [-0.8885, -0.6548]"
objects,Origin,non_target_occlusion_1.0,29/980,1.0,0.0668103448275862,"-0.9332 [-0.9957, -0.8425]"
objects,Origin,target_occlusion_0.0,980/980,0.2843112244897959,0.2843112244897959,"0.0000 [0.0000, 0.0000]"
objects,Origin,target_occlusion_0.5,505/980,0.4142326732673267,0.3542079207920792,"-0.0600 [-0.0974, -0.0253]"
objects,Origin,target_occlusion_0.8,505/980,0.4142326732673267,0.1485148514851485,"-0.2657 [-0.3263, -0.2097]"
objects,Origin,target_occlusion_1.0,505/980,0.4142326732673267,0.027722772277227723,"-0.3865 [-0.4568, -0.3184]"
objects,Repair-model,background_occlusion_0.0,980/980,0.2843112244897959,0.2843112244897959,"0.0000 [0.0000, 0.0000]"
objects,Repair-model,background_occlusion_0.5,67/980,0.5447761194029851,0.5335820895522388,"-0.0112 [-0.0359, 0.0012]"
objects,Repair-model,background_occlusion_0.8,47/980,0.511968085106383,0.5106382978723404,"-0.0013 [-0.0083, 0.0067]"
objects,Repair-model,background_occlusion_1.0,25/980,0.485,0.4825,"-0.0025 [-0.0082, 0.0000]"
objects,Repair-model,identity,980/980,0.2843112244897959,0.2843112244897959,"0.0000 [0.0000, 0.0000]"
objects,Repair-model,non_target_occlusion_0.0,980/980,0.2843112244897959,0.2843112244897959,"0.0000 [0.0000, 0.0000]"
objects,Repair-model,non_target_occlusion_0.5,55/980,1.0,0.8159090909090909,"-0.1841 [-0.2685, -0.0991]"
objects,Repair-model,non_target_occlusion_0.8,38/980,1.0,0.22039473684210525,"-0.7796 [-0.8885, -0.6548]"
objects,Repair-model,non_target_occlusion_1.0,29/980,1.0,0.0668103448275862,"-0.9332 [-0.9957, -0.8425]"
objects,Repair-model,target_occlusion_0.0,980/980,0.2843112244897959,0.2843112244897959,"0.0000 [0.0000, 0.0000]"
objects,Repair-model,target_occlusion_0.5,505/980,0.4142326732673267,0.3542079207920792,"-0.0600 [-0.0974, -0.0253]"
objects,Repair-model,target_occlusion_0.8,505/980,0.4142326732673267,0.1485148514851485,"-0.2657 [-0.3263, -0.2097]"
objects,Repair-model,target_occlusion_1.0,505/980,0.4142326732673267,0.027722772277227723,"-0.3865 [-0.4568, -0.3184]"
objects,Repair-rule,background_occlusion_0.0,980/980,0.2843112244897959,0.2843112244897959,"0.0000 [0.0000, 0.0000]"
objects,Repair-rule,background_occlusion_0.5,67/980,0.5447761194029851,0.5335820895522388,"-0.0112 [-0.0359, 0.0012]"
objects,Repair-rule,background_occlusion_0.8,47/980,0.511968085106383,0.5106382978723404,"-0.0013 [-0.0083, 0.0067]"
objects,Repair-rule,background_occlusion_1.0,25/980,0.485,0.4825,"-0.0025 [-0.0082, 0.0000]"
objects,Repair-rule,identity,980/980,0.2843112244897959,0.2843112244897959,"0.0000 [0.0000, 0.0000]"
objects,Repair-rule,non_target_occlusion_0.0,980/980,0.2843112244897959,0.2843112244897959,"0.0000 [0.0000, 0.0000]"
objects,Repair-rule,non_target_occlusion_0.5,55/980,1.0,0.8159090909090909,"-0.1841 [-0.2685, -0.0991]"
objects,Repair-rule,non_target_occlusion_0.8,38/980,1.0,0.22039473684210525,"-0.7796 [-0.8885, -0.6548]"
objects,Repair-rule,non_target_occlusion_1.0,29/980,1.0,0.0668103448275862,"-0.9332 [-0.9957, -0.8425]"
objects,Repair-rule,target_occlusion_0.0,980/980,0.2843112244897959,0.2843112244897959,"0.0000 [0.0000, 0.0000]"
objects,Repair-rule,target_occlusion_0.5,505/980,0.4142326732673267,0.3542079207920792,"-0.0600 [-0.0974, -0.0253]"
objects,Repair-rule,target_occlusion_0.8,505/980,0.4142326732673267,0.1485148514851485,"-0.2657 [-0.3263, -0.2097]"
objects,Repair-rule,target_occlusion_1.0,505/980,0.4142326732673267,0.027722772277227723,"-0.3865 [-0.4568, -0.3184]"
scene,Origin,class_swap,1040/1040,0.3638221153846154,0.0006009615384615385,"-0.3632 [-0.4380, -0.2915]"
scene,Origin,identity,1040/1040,0.3638221153846154,0.3638221153846154,"0.0000 [0.0000, 0.0000]"
scene,Origin,synonym,200/1040,0.3059375,0.0540625,"-0.2519 [-0.4409, -0.0450]"
scene,Repair-model,class_swap,1040/1040,0.6891225961538462,0.01123798076923077,"-0.6779 [-0.7355, -0.6168]"
scene,Repair-model,identity,1040/1040,0.6891225961538462,0.6891225961538462,"0.0000 [0.0000, 0.0000]"
scene,Repair-model,synonym,200/1040,0.6909375,0.6946875,"0.0037 [-0.0119, 0.0219]"
scene,Repair-rule,class_swap,1040/1040,0.3738581730769231,0.0006009615384615385,"-0.3733 [-0.4438, -0.3032]"
scene,Repair-rule,identity,1040/1040,0.3738581730769231,0.3738581730769231,"0.0000 [0.0000, 0.0000]"
scene,Repair-rule,synonym,200/1040,0.358125,0.358125,"0.0000 [0.0000, 0.0000]"
spatial,Origin,evidence_mirror,980/1300,0.2980998448108246,0.2980998448108246,"0.0000 [0.0000, 0.0000]"
spatial,Origin,evidence_mirror_joint,980/1300,0.2980998448108246,0.2980998448108246,"0.0000 [0.0000, 0.0000]"
spatial,Origin,identity,980/1300,0.2980998448108246,0.2980998448108246,"0.0000 [0.0000, 0.0000]"
spatial,Origin,prompt_swap,980/1300,0.2980998448108246,0.2980998448108246,"0.0000 [0.0000, 0.0000]"
spatial,Origin,video_mirror,980/1300,0.2980998448108246,0.2968472116395387,"-0.0013 [-0.0137, 0.0111]"
spatial,Origin,video_mirror_joint,980/1300,0.2980998448108246,0.2968472116395387,"-0.0013 [-0.0137, 0.0111]"
spatial,Repair-model,evidence_mirror,980/1300,0.28020364487211663,0.28020364487211663,"0.0000 [0.0000, 0.0000]"
spatial,Repair-model,evidence_mirror_joint,980/1300,0.28020364487211663,0.28126966165798145,"0.0011 [-0.0125, 0.0157]"
spatial,Repair-model,identity,980/1300,0.28020364487211663,0.28020364487211663,"0.0000 [0.0000, 0.0000]"
spatial,Repair-model,prompt_swap,980/1300,0.28020364487211663,0.28126966165798145,"0.0011 [-0.0125, 0.0157]"
spatial,Repair-model,video_mirror,980/1300,0.28020364487211663,0.2765364177288636,"-0.0037 [-0.0154, 0.0084]"
spatial,Repair-model,video_mirror_joint,980/1300,0.28020364487211663,0.27814446989579605,"-0.0021 [-0.0202, 0.0170]"
spatial,Repair-rule,evidence_mirror,980/1300,0.2980998448108246,0.2980998448108246,"0.0000 [0.0000, 0.0000]"
spatial,Repair-rule,evidence_mirror_joint,980/1300,0.2980998448108246,0.2980998448108246,"0.0000 [0.0000, 0.0000]"
spatial,Repair-rule,identity,980/1300,0.2980998448108246,0.2980998448108246,"0.0000 [0.0000, 0.0000]"
spatial,Repair-rule,prompt_swap,980/1300,0.2980998448108246,0.2980998448108246,"0.0000 [0.0000, 0.0000]"
spatial,Repair-rule,video_mirror,980/1300,0.2980998448108246,0.2968472116395387,"-0.0013 [-0.0137, 0.0111]"
spatial,Repair-rule,video_mirror_joint,980/1300,0.2980998448108246,0.2968472116395387,"-0.0013 [-0.0137, 0.0111]"
