Scheme,Linear fraction,Matched/planned,Families,Before,Target mask,Background mask,Target minus background (CI)
Origin,0.5,67/980,29,0.5447761194029851,0.42350746268656714,0.5335820895522388,"-0.1101 [-0.2042, -0.0363]"
Origin,0.8,47/980,25,0.511968085106383,0.1529255319148936,0.5106382978723404,"-0.3577 [-0.4869, -0.2398]"
Origin,1.0,25/980,16,0.485,0.0775,0.4825,"-0.4050 [-0.5962, -0.2266]"
Repair-model,0.5,67/980,29,0.5447761194029851,0.42350746268656714,0.5335820895522388,"-0.1101 [-0.2042, -0.0363]"
Repair-model,0.8,47/980,25,0.511968085106383,0.1529255319148936,0.5106382978723404,"-0.3577 [-0.4869, -0.2398]"
Repair-model,1.0,25/980,16,0.485,0.0775,0.4825,"-0.4050 [-0.5962, -0.2266]"
Repair-rule,0.5,67/980,29,0.5447761194029851,0.42350746268656714,0.5335820895522388,"-0.1101 [-0.2042, -0.0363]"
Repair-rule,0.8,47/980,25,0.511968085106383,0.1529255319148936,0.5106382978723404,"-0.3577 [-0.4869, -0.2398]"
Repair-rule,1.0,25/980,16,0.485,0.0775,0.4825,"-0.4050 [-0.5962, -0.2266]"
