base_id,dimension,family,media_seconds,path,query_uid,resolved_path,sha256,split,stream,video_uid
067d83642a45da492b3e,object_class,object_label_invariance,2.0,/root/wenbiao_zhao/vbench-audit/output/object_color_20260920/families/object_class/videos/video_00000.mp4,067d83642a45da492b3e:canonical,/root/wenbiao_zhao/vbench-audit/output/object_color_20260920/sources/object_class/067d83642a45da492b3e.mp4,f6c0ccd137f75382802924c5e9865f3c1a8d437cebd43146b6b45f8b1ef0aa4c,test,"{""avg_frame_rate"": ""8/1"", ""codec_name"": ""h264"", ""duration"": ""2.000000"", ""height"": 256, ""nb_frames"": ""16"", ""width"": 256}",f6c0ccd137f75382802924c5e9865f3c1a8d437cebd43146b6b45f8b1ef0aa4c:canonical
067d83642a45da492b3e,object_class,object_label_invariance,2.0,/root/wenbiao_zhao/vbench-audit/output/object_color_20260920/families/object_class/videos/video_00001.mp4,067d83642a45da492b3e:uppercase,/root/wenbiao_zhao/vbench-audit/output/object_color_20260920/sources/object_class/067d83642a45da492b3e.mp4,f6c0ccd137f75382802924c5e9865f3c1a8d437cebd43146b6b45f8b1ef0aa4c,test,"{""avg_frame_rate"": ""8/1"", ""codec_name"": ""h264"", ""duration"": ""2.000000"", ""height"": 256, ""nb_frames"": ""16"", ""width"": 256}",f6c0ccd137f75382802924c5e9865f3c1a8d437cebd43146b6b45f8b1ef0aa4c:uppercase
067d83642a45da492b3e,object_class,object_absent_control,2.0,/root/wenbiao_zhao/vbench-audit/output/object_color_20260920/families/object_class/videos/video_00002.mp4,067d83642a45da492b3e:absent,/root/wenbiao_zhao/vbench-audit/output/object_color_20260920/sources/object_class/067d83642a45da492b3e.mp4,f6c0ccd137f75382802924c5e9865f3c1a8d437cebd43146b6b45f8b1ef0aa4c,test,"{""avg_frame_rate"": ""8/1"", ""codec_name"": ""h264"", ""duration"": ""2.000000"", ""height"": 256, ""nb_frames"": ""16"", ""width"": 256}",f6c0ccd137f75382802924c5e9865f3c1a8d437cebd43146b6b45f8b1ef0aa4c:absent
15f2ee65eccc7813c5a8,object_class,object_label_invariance,2.0,/root/wenbiao_zhao/vbench-audit/output/object_color_20260920/families/object_class/videos/video_00003.mp4,15f2ee65eccc7813c5a8:canonical,/root/wenbiao_zhao/vbench-audit/output/object_color_20260920/sources/object_class/15f2ee65eccc7813c5a8.mp4,f78f6abd585fbb1d20cdbf79b24283a5cfcefe219fb9c98873d936753f312fc2,test,"{""avg_frame_rate"": ""8/1"", ""codec_name"": ""mpeg4"", ""duration"": ""2.000000"", ""height"": 256, ""nb_frames"": ""16"", ""width"": 256}",f78f6abd585fbb1d20cdbf79b24283a5cfcefe219fb9c98873d936753f312fc2:canonical
15f2ee65eccc7813c5a8,object_class,object_label_invariance,2.0,/root/wenbiao_zhao/vbench-audit/output/object_color_20260920/families/object_class/videos/video_00004.mp4,15f2ee65eccc7813c5a8:uppercase,/root/wenbiao_zhao/vbench-audit/output/object_color_20260920/sources/object_class/15f2ee65eccc7813c5a8.mp4,f78f6abd585fbb1d20cdbf79b24283a5cfcefe219fb9c98873d936753f312fc2,test,"{""avg_frame_rate"": ""8/1"", ""codec_name"": ""mpeg4"", ""duration"": ""2.000000"", ""height"": 256, ""nb_frames"": ""16"", ""width"": 256}",f78f6abd585fbb1d20cdbf79b24283a5cfcefe219fb9c98873d936753f312fc2:uppercase
15f2ee65eccc7813c5a8,object_class,object_label_invariance,2.0,/root/wenbiao_zhao/vbench-audit/output/object_color_20260920/families/object_class/videos/video_00005.mp4,15f2ee65eccc7813c5a8:synonym,/root/wenbiao_zhao/vbench-audit/output/object_color_20260920/sources/object_class/15f2ee65eccc7813c5a8.mp4,f78f6abd585fbb1d20cdbf79b24283a5cfcefe219fb9c98873d936753f312fc2,test,"{""avg_frame_rate"": ""8/1"", ""codec_name"": ""mpeg4"", ""duration"": ""2.000000"", ""height"": 256, ""nb_frames"": ""16"", ""width"": 256}",f78f6abd585fbb1d20cdbf79b24283a5cfcefe219fb9c98873d936753f312fc2:synonym
15f2ee65eccc7813c5a8,object_class,object_absent_control,2.0,/root/wenbiao_zhao/vbench-audit/output/object_color_20260920/families/object_class/videos/video_00006.mp4,15f2ee65eccc7813c5a8:absent,/root/wenbiao_zhao/vbench-audit/output/object_color_20260920/sources/object_class/15f2ee65eccc7813c5a8.mp4,f78f6abd585fbb1d20cdbf79b24283a5cfcefe219fb9c98873d936753f312fc2,test,"{""avg_frame_rate"": ""8/1"", ""codec_name"": ""mpeg4"", ""duration"": ""2.000000"", ""height"": 256, ""nb_frames"": ""16"", ""width"": 256}",f78f6abd585fbb1d20cdbf79b24283a5cfcefe219fb9c98873d936753f312fc2:absent
1736abb91ae7667952ff,object_class,object_label_invariance,2.0,/root/wenbiao_zhao/vbench-audit/output/object_color_20260920/families/object_class/videos/video_00007.mp4,1736abb91ae7667952ff:canonical,/root/wenbiao_zhao/vbench-audit/output/object_color_20260920/sources/object_class/1736abb91ae7667952ff.mp4,272171ce3f8538f215a7dc90a86721f77f107c46698933ca7770ee8f9b008394,test,"{""avg_frame_rate"": ""8/1"", ""codec_name"": ""h264"", ""duration"": ""2.000000"", ""height"": 256, ""nb_frames"": ""16"", ""width"": 256}",272171ce3f8538f215a7dc90a86721f77f107c46698933ca7770ee8f9b008394:canonical
1736abb91ae7667952ff,object_class,object_label_invariance,2.0,/root/wenbiao_zhao/vbench-audit/output/object_color_20260920/families/object_class/videos/video_00008.mp4,1736abb91ae7667952ff:uppercase,/root/wenbiao_zhao/vbench-audit/output/object_color_20260920/sources/object_class/1736abb91ae7667952ff.mp4,272171ce3f8538f215a7dc90a86721f77f107c46698933ca7770ee8f9b008394,test,"{""avg_frame_rate"": ""8/1"", ""codec_name"": ""h264"", ""duration"": ""2.000000"", ""height"": 256, ""nb_frames"": ""16"", ""width"": 256}",272171ce3f8538f215a7dc90a86721f77f107c46698933ca7770ee8f9b008394:uppercase
1736abb91ae7667952ff,object_class,object_label_invariance,2.0,/root/wenbiao_zhao/vbench-audit/output/object_color_20260920/families/object_class/videos/video_00009.mp4,1736abb91ae7667952ff:synonym,/root/wenbiao_zhao/vbench-audit/output/object_color_20260920/sources/object_class/1736abb91ae7667952ff.mp4,272171ce3f8538f215a7dc90a86721f77f107c46698933ca7770ee8f9b008394,test,"{""avg_frame_rate"": ""8/1"", ""codec_name"": ""h264"", ""duration"": ""2.000000"", ""height"": 256, ""nb_frames"": ""16"", ""width"": 256}",272171ce3f8538f215a7dc90a86721f77f107c46698933ca7770ee8f9b008394:synonym
1736abb91ae7667952ff,object_class,object_absent_control,2.0,/root/wenbiao_zhao/vbench-audit/output/object_color_20260920/families/object_class/videos/video_00010.mp4,1736abb91ae7667952ff:absent,/root/wenbiao_zhao/vbench-audit/output/object_color_20260920/sources/object_class/1736abb91ae7667952ff.mp4,272171ce3f8538f215a7dc90a86721f77f107c46698933ca7770ee8f9b008394,test,"{""avg_frame_rate"": ""8/1"", ""codec_name"": ""h264"", ""duration"": ""2.000000"", ""height"": 256, ""nb_frames"": ""16"", ""width"": 256}",272171ce3f8538f215a7dc90a86721f77f107c46698933ca7770ee8f9b008394:absent
1bd29565e4d7646286c6,object_class,object_label_invariance,2.0,/root/wenbiao_zhao/vbench-audit/output/object_color_20260920/families/object_class/videos/video_00011.mp4,1bd29565e4d7646286c6:canonical,/root/wenbiao_zhao/vbench-audit/output/object_color_20260920/sources/object_class/1bd29565e4d7646286c6.mp4,1c93e8c7849f54bc96d1ab4c521573ca5c3dcdb2abfdf60af825415c7aeb3a9a,test,"{""avg_frame_rate"": ""8/1"", ""codec_name"": ""h264"", ""duration"": ""2.000000"", ""height"": 256, ""nb_frames"": ""16"", ""width"": 256}",1c93e8c7849f54bc96d1ab4c521573ca5c3dcdb2abfdf60af825415c7aeb3a9a:canonical
1bd29565e4d7646286c6,object_class,object_label_invariance,2.0,/root/wenbiao_zhao/vbench-audit/output/object_color_20260920/families/object_class/videos/video_00012.mp4,1bd29565e4d7646286c6:uppercase,/root/wenbiao_zhao/vbench-audit/output/object_color_20260920/sources/object_class/1bd29565e4d7646286c6.mp4,1c93e8c7849f54bc96d1ab4c521573ca5c3dcdb2abfdf60af825415c7aeb3a9a,test,"{""avg_frame_rate"": ""8/1"", ""codec_name"": ""h264"", ""duration"": ""2.000000"", ""height"": 256, ""nb_frames"": ""16"", ""width"": 256}",1c93e8c7849f54bc96d1ab4c521573ca5c3dcdb2abfdf60af825415c7aeb3a9a:uppercase
1bd29565e4d7646286c6,object_class,object_label_invariance,2.0,/root/wenbiao_zhao/vbench-audit/output/object_color_20260920/families/object_class/videos/video_00013.mp4,1bd29565e4d7646286c6:synonym,/root/wenbiao_zhao/vbench-audit/output/object_color_20260920/sources/object_class/1bd29565e4d7646286c6.mp4,1c93e8c7849f54bc96d1ab4c521573ca5c3dcdb2abfdf60af825415c7aeb3a9a,test,"{""avg_frame_rate"": ""8/1"", ""codec_name"": ""h264"", ""duration"": ""2.000000"", ""height"": 256, ""nb_frames"": ""16"", ""width"": 256}",1c93e8c7849f54bc96d1ab4c521573ca5c3dcdb2abfdf60af825415c7aeb3a9a:synonym
1bd29565e4d7646286c6,object_class,object_absent_control,2.0,/root/wenbiao_zhao/vbench-audit/output/object_color_20260920/families/object_class/videos/video_00014.mp4,1bd29565e4d7646286c6:absent,/root/wenbiao_zhao/vbench-audit/output/object_color_20260920/sources/object_class/1bd29565e4d7646286c6.mp4,1c93e8c7849f54bc96d1ab4c521573ca5c3dcdb2abfdf60af825415c7aeb3a9a,test,"{""avg_frame_rate"": ""8/1"", ""codec_name"": ""h264"", ""duration"": ""2.000000"", ""height"": 256, ""nb_frames"": ""16"", ""width"": 256}",1c93e8c7849f54bc96d1ab4c521573ca5c3dcdb2abfdf60af825415c7aeb3a9a:absent
1c3e4841315ea957362f,object_class,object_label_invariance,2.0,/root/wenbiao_zhao/vbench-audit/output/object_color_20260920/families/object_class/videos/video_00015.mp4,1c3e4841315ea957362f:canonical,/root/wenbiao_zhao/vbench-audit/output/object_color_20260920/sources/object_class/1c3e4841315ea957362f.mp4,70ac6582ad2bf056b6cf93cd99bcb26d1de47547d04a7b4aaf2f3e0b9bfd741f,test,"{""avg_frame_rate"": ""8/1"", ""codec_name"": ""mpeg4"", ""duration"": ""2.000000"", ""height"": 256, ""nb_frames"": ""16"", ""width"": 256}",70ac6582ad2bf056b6cf93cd99bcb26d1de47547d04a7b4aaf2f3e0b9bfd741f:canonical
1c3e4841315ea957362f,object_class,object_label_invariance,2.0,/root/wenbiao_zhao/vbench-audit/output/object_color_20260920/families/object_class/videos/video_00016.mp4,1c3e4841315ea957362f:uppercase,/root/wenbiao_zhao/vbench-audit/output/object_color_20260920/sources/object_class/1c3e4841315ea957362f.mp4,70ac6582ad2bf056b6cf93cd99bcb26d1de47547d04a7b4aaf2f3e0b9bfd741f,test,"{""avg_frame_rate"": ""8/1"", ""codec_name"": ""mpeg4"", ""duration"": ""2.000000"", ""height"": 256, ""nb_frames"": ""16"", ""width"": 256}",70ac6582ad2bf056b6cf93cd99bcb26d1de47547d04a7b4aaf2f3e0b9bfd741f:uppercase
1c3e4841315ea957362f,object_class,object_label_invariance,2.0,/root/wenbiao_zhao/vbench-audit/output/object_color_20260920/families/object_class/videos/video_00017.mp4,1c3e4841315ea957362f:synonym,/root/wenbiao_zhao/vbench-audit/output/object_color_20260920/sources/object_class/1c3e4841315ea957362f.mp4,70ac6582ad2bf056b6cf93cd99bcb26d1de47547d04a7b4aaf2f3e0b9bfd741f,test,"{""avg_frame_rate"": ""8/1"", ""codec_name"": ""mpeg4"", ""duration"": ""2.000000"", ""height"": 256, ""nb_frames"": ""16"", ""width"": 256}",70ac6582ad2bf056b6cf93cd99bcb26d1de47547d04a7b4aaf2f3e0b9bfd741f:synonym
1c3e4841315ea957362f,object_class,object_absent_control,2.0,/root/wenbiao_zhao/vbench-audit/output/object_color_20260920/families/object_class/videos/video_00018.mp4,1c3e4841315ea957362f:absent,/root/wenbiao_zhao/vbench-audit/output/object_color_20260920/sources/object_class/1c3e4841315ea957362f.mp4,70ac6582ad2bf056b6cf93cd99bcb26d1de47547d04a7b4aaf2f3e0b9bfd741f,test,"{""avg_frame_rate"": ""8/1"", ""codec_name"": ""mpeg4"", ""duration"": ""2.000000"", ""height"": 256, ""nb_frames"": ""16"", ""width"": 256}",70ac6582ad2bf056b6cf93cd99bcb26d1de47547d04a7b4aaf2f3e0b9bfd741f:absent
1cb78dba07d74a7bd099,object_class,object_label_invariance,2.0,/root/wenbiao_zhao/vbench-audit/output/object_color_20260920/families/object_class/videos/video_00019.mp4,1cb78dba07d74a7bd099:canonical,/root/wenbiao_zhao/vbench-audit/output/object_color_20260920/sources/object_class/1cb78dba07d74a7bd099.mp4,2a5e560660223874606cb62276d7247db7b097a1a954be66ee37dfe18975db7d,test,"{""avg_frame_rate"": ""8/1"", ""codec_name"": ""mpeg4"", ""duration"": ""2.000000"", ""height"": 256, ""nb_frames"": ""16"", ""width"": 256}",2a5e560660223874606cb62276d7247db7b097a1a954be66ee37dfe18975db7d:canonical
1cb78dba07d74a7bd099,object_class,object_label_invariance,2.0,/root/wenbiao_zhao/vbench-audit/output/object_color_20260920/families/object_class/videos/video_00020.mp4,1cb78dba07d74a7bd099:uppercase,/root/wenbiao_zhao/vbench-audit/output/object_color_20260920/sources/object_class/1cb78dba07d74a7bd099.mp4,2a5e560660223874606cb62276d7247db7b097a1a954be66ee37dfe18975db7d,test,"{""avg_frame_rate"": ""8/1"", ""codec_name"": ""mpeg4"", ""duration"": ""2.000000"", ""height"": 256, ""nb_frames"": ""16"", ""width"": 256}",2a5e560660223874606cb62276d7247db7b097a1a954be66ee37dfe18975db7d:uppercase
1cb78dba07d74a7bd099,object_class,object_label_invariance,2.0,/root/wenbiao_zhao/vbench-audit/output/object_color_20260920/families/object_class/videos/video_00021.mp4,1cb78dba07d74a7bd099:synonym,/root/wenbiao_zhao/vbench-audit/output/object_color_20260920/sources/object_class/1cb78dba07d74a7bd099.mp4,2a5e560660223874606cb62276d7247db7b097a1a954be66ee37dfe18975db7d,test,"{""avg_frame_rate"": ""8/1"", ""codec_name"": ""mpeg4"", ""duration"": ""2.000000"", ""height"": 256, ""nb_frames"": ""16"", ""width"": 256}",2a5e560660223874606cb62276d7247db7b097a1a954be66ee37dfe18975db7d:synonym
1cb78dba07d74a7bd099,object_class,object_absent_control,2.0,/root/wenbiao_zhao/vbench-audit/output/object_color_20260920/families/object_class/videos/video_00022.mp4,1cb78dba07d74a7bd099:absent,/root/wenbiao_zhao/vbench-audit/output/object_color_20260920/sources/object_class/1cb78dba07d74a7bd099.mp4,2a5e560660223874606cb62276d7247db7b097a1a954be66ee37dfe18975db7d,test,"{""avg_frame_rate"": ""8/1"", ""codec_name"": ""mpeg4"", ""duration"": ""2.000000"", ""height"": 256, ""nb_frames"": ""16"", ""width"": 256}",2a5e560660223874606cb62276d7247db7b097a1a954be66ee37dfe18975db7d:absent
1fe740b56828f4cc402f,object_class,object_label_invariance,2.0,/root/wenbiao_zhao/vbench-audit/output/object_color_20260920/families/object_class/videos/video_00023.mp4,1fe740b56828f4cc402f:canonical,/root/wenbiao_zhao/vbench-audit/output/object_color_20260920/sources/object_class/1fe740b56828f4cc402f.mp4,6fe22cef3eaddbfd98bba06deb54576fc97afefa9b31d2f0402de4178e79e8b6,test,"{""avg_frame_rate"": ""8/1"", ""codec_name"": ""mpeg4"", ""duration"": ""2.000000"", ""height"": 256, ""nb_frames"": ""16"", ""width"": 256}",6fe22cef3eaddbfd98bba06deb54576fc97afefa9b31d2f0402de4178e79e8b6:canonical
1fe740b56828f4cc402f,object_class,object_label_invariance,2.0,/root/wenbiao_zhao/vbench-audit/output/object_color_20260920/families/object_class/videos/video_00024.mp4,1fe740b56828f4cc402f:uppercase,/root/wenbiao_zhao/vbench-audit/output/object_color_20260920/sources/object_class/1fe740b56828f4cc402f.mp4,6fe22cef3eaddbfd98bba06deb54576fc97afefa9b31d2f0402de4178e79e8b6,test,"{""avg_frame_rate"": ""8/1"", ""codec_name"": ""mpeg4"", ""duration"": ""2.000000"", ""height"": 256, ""nb_frames"": ""16"", ""width"": 256}",6fe22cef3eaddbfd98bba06deb54576fc97afefa9b31d2f0402de4178e79e8b6:uppercase
1fe740b56828f4cc402f,object_class,object_label_invariance,2.0,/root/wenbiao_zhao/vbench-audit/output/object_color_20260920/families/object_class/videos/video_00025.mp4,1fe740b56828f4cc402f:synonym,/root/wenbiao_zhao/vbench-audit/output/object_color_20260920/sources/object_class/1fe740b56828f4cc402f.mp4,6fe22cef3eaddbfd98bba06deb54576fc97afefa9b31d2f0402de4178e79e8b6,test,"{""avg_frame_rate"": ""8/1"", ""codec_name"": ""mpeg4"", ""duration"": ""2.000000"", ""height"": 256, ""nb_frames"": ""16"", ""width"": 256}",6fe22cef3eaddbfd98bba06deb54576fc97afefa9b31d2f0402de4178e79e8b6:synonym
1fe740b56828f4cc402f,object_class,object_absent_control,2.0,/root/wenbiao_zhao/vbench-audit/output/object_color_20260920/families/object_class/videos/video_00026.mp4,1fe740b56828f4cc402f:absent,/root/wenbiao_zhao/vbench-audit/output/object_color_20260920/sources/object_class/1fe740b56828f4cc402f.mp4,6fe22cef3eaddbfd98bba06deb54576fc97afefa9b31d2f0402de4178e79e8b6,test,"{""avg_frame_rate"": ""8/1"", ""codec_name"": ""mpeg4"", ""duration"": ""2.000000"", ""height"": 256, ""nb_frames"": ""16"", ""width"": 256}",6fe22cef3eaddbfd98bba06deb54576fc97afefa9b31d2f0402de4178e79e8b6:absent
22c8586101346a587f22,object_class,object_label_invariance,2.0,/root/wenbiao_zhao/vbench-audit/output/object_color_20260920/families/object_class/videos/video_00027.mp4,22c8586101346a587f22:canonical,/root/wenbiao_zhao/vbench-audit/output/object_color_20260920/sources/object_class/22c8586101346a587f22.mp4,ed9078b33c703b5218753b7c57109735f1ee730d17bd93271c16ff5d800e52e7,test,"{""avg_frame_rate"": ""8/1"", ""codec_name"": ""h264"", ""duration"": ""2.000000"", ""height"": 256, ""nb_frames"": ""16"", ""width"": 256}",ed9078b33c703b5218753b7c57109735f1ee730d17bd93271c16ff5d800e52e7:canonical
22c8586101346a587f22,object_class,object_label_invariance,2.0,/root/wenbiao_zhao/vbench-audit/output/object_color_20260920/families/object_class/videos/video_00028.mp4,22c8586101346a587f22:uppercase,/root/wenbiao_zhao/vbench-audit/output/object_color_20260920/sources/object_class/22c8586101346a587f22.mp4,ed9078b33c703b5218753b7c57109735f1ee730d17bd93271c16ff5d800e52e7,test,"{""avg_frame_rate"": ""8/1"", ""codec_name"": ""h264"", ""duration"": ""2.000000"", ""height"": 256, ""nb_frames"": ""16"", ""width"": 256}",ed9078b33c703b5218753b7c57109735f1ee730d17bd93271c16ff5d800e52e7:uppercase
22c8586101346a587f22,object_class,object_label_invariance,2.0,/root/wenbiao_zhao/vbench-audit/output/object_color_20260920/families/object_class/videos/video_00029.mp4,22c8586101346a587f22:synonym,/root/wenbiao_zhao/vbench-audit/output/object_color_20260920/sources/object_class/22c8586101346a587f22.mp4,ed9078b33c703b5218753b7c57109735f1ee730d17bd93271c16ff5d800e52e7,test,"{""avg_frame_rate"": ""8/1"", ""codec_name"": ""h264"", ""duration"": ""2.000000"", ""height"": 256, ""nb_frames"": ""16"", ""width"": 256}",ed9078b33c703b5218753b7c57109735f1ee730d17bd93271c16ff5d800e52e7:synonym
22c8586101346a587f22,object_class,object_absent_control,2.0,/root/wenbiao_zhao/vbench-audit/output/object_color_20260920/families/object_class/videos/video_00030.mp4,22c8586101346a587f22:absent,/root/wenbiao_zhao/vbench-audit/output/object_color_20260920/sources/object_class/22c8586101346a587f22.mp4,ed9078b33c703b5218753b7c57109735f1ee730d17bd93271c16ff5d800e52e7,test,"{""avg_frame_rate"": ""8/1"", ""codec_name"": ""h264"", ""duration"": ""2.000000"", ""height"": 256, ""nb_frames"": ""16"", ""width"": 256}",ed9078b33c703b5218753b7c57109735f1ee730d17bd93271c16ff5d800e52e7:absent
33afb0cd686b57fec7d2,object_class,object_label_invariance,2.0,/root/wenbiao_zhao/vbench-audit/output/object_color_20260920/families/object_class/videos/video_00031.mp4,33afb0cd686b57fec7d2:canonical,/root/wenbiao_zhao/vbench-audit/output/object_color_20260920/sources/object_class/33afb0cd686b57fec7d2.mp4,a45bf41dc44c58fd5272fda22616afc3e96d294882e2cb6966476db6b7ea8b24,test,"{""avg_frame_rate"": ""8/1"", ""codec_name"": ""h264"", ""duration"": ""2.000000"", ""height"": 256, ""nb_frames"": ""16"", ""width"": 256}",a45bf41dc44c58fd5272fda22616afc3e96d294882e2cb6966476db6b7ea8b24:canonical
33afb0cd686b57fec7d2,object_class,object_label_invariance,2.0,/root/wenbiao_zhao/vbench-audit/output/object_color_20260920/families/object_class/videos/video_00032.mp4,33afb0cd686b57fec7d2:uppercase,/root/wenbiao_zhao/vbench-audit/output/object_color_20260920/sources/object_class/33afb0cd686b57fec7d2.mp4,a45bf41dc44c58fd5272fda22616afc3e96d294882e2cb6966476db6b7ea8b24,test,"{""avg_frame_rate"": ""8/1"", ""codec_name"": ""h264"", ""duration"": ""2.000000"", ""height"": 256, ""nb_frames"": ""16"", ""width"": 256}",a45bf41dc44c58fd5272fda22616afc3e96d294882e2cb6966476db6b7ea8b24:uppercase
33afb0cd686b57fec7d2,object_class,object_label_invariance,2.0,/root/wenbiao_zhao/vbench-audit/output/object_color_20260920/families/object_class/videos/video_00033.mp4,33afb0cd686b57fec7d2:synonym,/root/wenbiao_zhao/vbench-audit/output/object_color_20260920/sources/object_class/33afb0cd686b57fec7d2.mp4,a45bf41dc44c58fd5272fda22616afc3e96d294882e2cb6966476db6b7ea8b24,test,"{""avg_frame_rate"": ""8/1"", ""codec_name"": ""h264"", ""duration"": ""2.000000"", ""height"": 256, ""nb_frames"": ""16"", ""width"": 256}",a45bf41dc44c58fd5272fda22616afc3e96d294882e2cb6966476db6b7ea8b24:synonym
33afb0cd686b57fec7d2,object_class,object_absent_control,2.0,/root/wenbiao_zhao/vbench-audit/output/object_color_20260920/families/object_class/videos/video_00034.mp4,33afb0cd686b57fec7d2:absent,/root/wenbiao_zhao/vbench-audit/output/object_color_20260920/sources/object_class/33afb0cd686b57fec7d2.mp4,a45bf41dc44c58fd5272fda22616afc3e96d294882e2cb6966476db6b7ea8b24,test,"{""avg_frame_rate"": ""8/1"", ""codec_name"": ""h264"", ""duration"": ""2.000000"", ""height"": 256, ""nb_frames"": ""16"", ""width"": 256}",a45bf41dc44c58fd5272fda22616afc3e96d294882e2cb6966476db6b7ea8b24:absent
45aa82a214b52f19d081,object_class,object_label_invariance,2.0,/root/wenbiao_zhao/vbench-audit/output/object_color_20260920/families/object_class/videos/video_00035.mp4,45aa82a214b52f19d081:canonical,/root/wenbiao_zhao/vbench-audit/output/object_color_20260920/sources/object_class/45aa82a214b52f19d081.mp4,5bfc5ce5eb914998aac6dd680ba80c1c9d796b69e35253ab52261824e0275c46,test,"{""avg_frame_rate"": ""8/1"", ""codec_name"": ""mpeg4"", ""duration"": ""2.000000"", ""height"": 256, ""nb_frames"": ""16"", ""width"": 256}",5bfc5ce5eb914998aac6dd680ba80c1c9d796b69e35253ab52261824e0275c46:canonical
45aa82a214b52f19d081,object_class,object_label_invariance,2.0,/root/wenbiao_zhao/vbench-audit/output/object_color_20260920/families/object_class/videos/video_00036.mp4,45aa82a214b52f19d081:uppercase,/root/wenbiao_zhao/vbench-audit/output/object_color_20260920/sources/object_class/45aa82a214b52f19d081.mp4,5bfc5ce5eb914998aac6dd680ba80c1c9d796b69e35253ab52261824e0275c46,test,"{""avg_frame_rate"": ""8/1"", ""codec_name"": ""mpeg4"", ""duration"": ""2.000000"", ""height"": 256, ""nb_frames"": ""16"", ""width"": 256}",5bfc5ce5eb914998aac6dd680ba80c1c9d796b69e35253ab52261824e0275c46:uppercase
45aa82a214b52f19d081,object_class,object_label_invariance,2.0,/root/wenbiao_zhao/vbench-audit/output/object_color_20260920/families/object_class/videos/video_00037.mp4,45aa82a214b52f19d081:synonym,/root/wenbiao_zhao/vbench-audit/output/object_color_20260920/sources/object_class/45aa82a214b52f19d081.mp4,5bfc5ce5eb914998aac6dd680ba80c1c9d796b69e35253ab52261824e0275c46,test,"{""avg_frame_rate"": ""8/1"", ""codec_name"": ""mpeg4"", ""duration"": ""2.000000"", ""height"": 256, ""nb_frames"": ""16"", ""width"": 256}",5bfc5ce5eb914998aac6dd680ba80c1c9d796b69e35253ab52261824e0275c46:synonym
45aa82a214b52f19d081,object_class,object_absent_control,2.0,/root/wenbiao_zhao/vbench-audit/output/object_color_20260920/families/object_class/videos/video_00038.mp4,45aa82a214b52f19d081:absent,/root/wenbiao_zhao/vbench-audit/output/object_color_20260920/sources/object_class/45aa82a214b52f19d081.mp4,5bfc5ce5eb914998aac6dd680ba80c1c9d796b69e35253ab52261824e0275c46,test,"{""avg_frame_rate"": ""8/1"", ""codec_name"": ""mpeg4"", ""duration"": ""2.000000"", ""height"": 256, ""nb_frames"": ""16"", ""width"": 256}",5bfc5ce5eb914998aac6dd680ba80c1c9d796b69e35253ab52261824e0275c46:absent
47bb0eabb030fb9ba48c,object_class,object_label_invariance,2.0,/root/wenbiao_zhao/vbench-audit/output/object_color_20260920/families/object_class/videos/video_00039.mp4,47bb0eabb030fb9ba48c:canonical,/root/wenbiao_zhao/vbench-audit/output/object_color_20260920/sources/object_class/47bb0eabb030fb9ba48c.mp4,82ef7ebd9a74b6ae5f51b4ba91ecb5ceb92c38b405cfef59dd72ccef65f4fbaf,test,"{""avg_frame_rate"": ""8/1"", ""codec_name"": ""h264"", ""duration"": ""2.000000"", ""height"": 512, ""nb_frames"": ""16"", ""width"": 512}",82ef7ebd9a74b6ae5f51b4ba91ecb5ceb92c38b405cfef59dd72ccef65f4fbaf:canonical
47bb0eabb030fb9ba48c,object_class,object_label_invariance,2.0,/root/wenbiao_zhao/vbench-audit/output/object_color_20260920/families/object_class/videos/video_00040.mp4,47bb0eabb030fb9ba48c:uppercase,/root/wenbiao_zhao/vbench-audit/output/object_color_20260920/sources/object_class/47bb0eabb030fb9ba48c.mp4,82ef7ebd9a74b6ae5f51b4ba91ecb5ceb92c38b405cfef59dd72ccef65f4fbaf,test,"{""avg_frame_rate"": ""8/1"", ""codec_name"": ""h264"", ""duration"": ""2.000000"", ""height"": 512, ""nb_frames"": ""16"", ""width"": 512}",82ef7ebd9a74b6ae5f51b4ba91ecb5ceb92c38b405cfef59dd72ccef65f4fbaf:uppercase
47bb0eabb030fb9ba48c,object_class,object_label_invariance,2.0,/root/wenbiao_zhao/vbench-audit/output/object_color_20260920/families/object_class/videos/video_00041.mp4,47bb0eabb030fb9ba48c:synonym,/root/wenbiao_zhao/vbench-audit/output/object_color_20260920/sources/object_class/47bb0eabb030fb9ba48c.mp4,82ef7ebd9a74b6ae5f51b4ba91ecb5ceb92c38b405cfef59dd72ccef65f4fbaf,test,"{""avg_frame_rate"": ""8/1"", ""codec_name"": ""h264"", ""duration"": ""2.000000"", ""height"": 512, ""nb_frames"": ""16"", ""width"": 512}",82ef7ebd9a74b6ae5f51b4ba91ecb5ceb92c38b405cfef59dd72ccef65f4fbaf:synonym
47bb0eabb030fb9ba48c,object_class,object_absent_control,2.0,/root/wenbiao_zhao/vbench-audit/output/object_color_20260920/families/object_class/videos/video_00042.mp4,47bb0eabb030fb9ba48c:absent,/root/wenbiao_zhao/vbench-audit/output/object_color_20260920/sources/object_class/47bb0eabb030fb9ba48c.mp4,82ef7ebd9a74b6ae5f51b4ba91ecb5ceb92c38b405cfef59dd72ccef65f4fbaf,test,"{""avg_frame_rate"": ""8/1"", ""codec_name"": ""h264"", ""duration"": ""2.000000"", ""height"": 512, ""nb_frames"": ""16"", ""width"": 512}",82ef7ebd9a74b6ae5f51b4ba91ecb5ceb92c38b405cfef59dd72ccef65f4fbaf:absent
4c84e8e13cdfc1571a3e,object_class,object_label_invariance,2.0,/root/wenbiao_zhao/vbench-audit/output/object_color_20260920/families/object_class/videos/video_00043.mp4,4c84e8e13cdfc1571a3e:canonical,/root/wenbiao_zhao/vbench-audit/output/object_color_20260920/sources/object_class/4c84e8e13cdfc1571a3e.mp4,67d5b357dd7731d131605fdd3a4e16718c09e1a5d9c6096e1e32b7dafea586b9,test,"{""avg_frame_rate"": ""8/1"", ""codec_name"": ""h264"", ""duration"": ""2.000000"", ""height"": 256, ""nb_frames"": ""16"", ""width"": 256}",67d5b357dd7731d131605fdd3a4e16718c09e1a5d9c6096e1e32b7dafea586b9:canonical
4c84e8e13cdfc1571a3e,object_class,object_label_invariance,2.0,/root/wenbiao_zhao/vbench-audit/output/object_color_20260920/families/object_class/videos/video_00044.mp4,4c84e8e13cdfc1571a3e:uppercase,/root/wenbiao_zhao/vbench-audit/output/object_color_20260920/sources/object_class/4c84e8e13cdfc1571a3e.mp4,67d5b357dd7731d131605fdd3a4e16718c09e1a5d9c6096e1e32b7dafea586b9,test,"{""avg_frame_rate"": ""8/1"", ""codec_name"": ""h264"", ""duration"": ""2.000000"", ""height"": 256, ""nb_frames"": ""16"", ""width"": 256}",67d5b357dd7731d131605fdd3a4e16718c09e1a5d9c6096e1e32b7dafea586b9:uppercase
4c84e8e13cdfc1571a3e,object_class,object_label_invariance,2.0,/root/wenbiao_zhao/vbench-audit/output/object_color_20260920/families/object_class/videos/video_00045.mp4,4c84e8e13cdfc1571a3e:synonym,/root/wenbiao_zhao/vbench-audit/output/object_color_20260920/sources/object_class/4c84e8e13cdfc1571a3e.mp4,67d5b357dd7731d131605fdd3a4e16718c09e1a5d9c6096e1e32b7dafea586b9,test,"{""avg_frame_rate"": ""8/1"", ""codec_name"": ""h264"", ""duration"": ""2.000000"", ""height"": 256, ""nb_frames"": ""16"", ""width"": 256}",67d5b357dd7731d131605fdd3a4e16718c09e1a5d9c6096e1e32b7dafea586b9:synonym
4c84e8e13cdfc1571a3e,object_class,object_absent_control,2.0,/root/wenbiao_zhao/vbench-audit/output/object_color_20260920/families/object_class/videos/video_00046.mp4,4c84e8e13cdfc1571a3e:absent,/root/wenbiao_zhao/vbench-audit/output/object_color_20260920/sources/object_class/4c84e8e13cdfc1571a3e.mp4,67d5b357dd7731d131605fdd3a4e16718c09e1a5d9c6096e1e32b7dafea586b9,test,"{""avg_frame_rate"": ""8/1"", ""codec_name"": ""h264"", ""duration"": ""2.000000"", ""height"": 256, ""nb_frames"": ""16"", ""width"": 256}",67d5b357dd7731d131605fdd3a4e16718c09e1a5d9c6096e1e32b7dafea586b9:absent
4f3b6efe3dd1ec84c486,object_class,object_label_invariance,2.0,/root/wenbiao_zhao/vbench-audit/output/object_color_20260920/families/object_class/videos/video_00047.mp4,4f3b6efe3dd1ec84c486:canonical,/root/wenbiao_zhao/vbench-audit/output/object_color_20260920/sources/object_class/4f3b6efe3dd1ec84c486.mp4,78bf96307dd5195f1d4788b700ca8e916415d41892e67541c65c5b2458c8d212,test,"{""avg_frame_rate"": ""8/1"", ""codec_name"": ""h264"", ""duration"": ""2.000000"", ""height"": 512, ""nb_frames"": ""16"", ""width"": 512}",78bf96307dd5195f1d4788b700ca8e916415d41892e67541c65c5b2458c8d212:canonical
4f3b6efe3dd1ec84c486,object_class,object_label_invariance,2.0,/root/wenbiao_zhao/vbench-audit/output/object_color_20260920/families/object_class/videos/video_00048.mp4,4f3b6efe3dd1ec84c486:uppercase,/root/wenbiao_zhao/vbench-audit/output/object_color_20260920/sources/object_class/4f3b6efe3dd1ec84c486.mp4,78bf96307dd5195f1d4788b700ca8e916415d41892e67541c65c5b2458c8d212,test,"{""avg_frame_rate"": ""8/1"", ""codec_name"": ""h264"", ""duration"": ""2.000000"", ""height"": 512, ""nb_frames"": ""16"", ""width"": 512}",78bf96307dd5195f1d4788b700ca8e916415d41892e67541c65c5b2458c8d212:uppercase
4f3b6efe3dd1ec84c486,object_class,object_label_invariance,2.0,/root/wenbiao_zhao/vbench-audit/output/object_color_20260920/families/object_class/videos/video_00049.mp4,4f3b6efe3dd1ec84c486:synonym,/root/wenbiao_zhao/vbench-audit/output/object_color_20260920/sources/object_class/4f3b6efe3dd1ec84c486.mp4,78bf96307dd5195f1d4788b700ca8e916415d41892e67541c65c5b2458c8d212,test,"{""avg_frame_rate"": ""8/1"", ""codec_name"": ""h264"", ""duration"": ""2.000000"", ""height"": 512, ""nb_frames"": ""16"", ""width"": 512}",78bf96307dd5195f1d4788b700ca8e916415d41892e67541c65c5b2458c8d212:synonym
4f3b6efe3dd1ec84c486,object_class,object_absent_control,2.0,/root/wenbiao_zhao/vbench-audit/output/object_color_20260920/families/object_class/videos/video_00050.mp4,4f3b6efe3dd1ec84c486:absent,/root/wenbiao_zhao/vbench-audit/output/object_color_20260920/sources/object_class/4f3b6efe3dd1ec84c486.mp4,78bf96307dd5195f1d4788b700ca8e916415d41892e67541c65c5b2458c8d212,test,"{""avg_frame_rate"": ""8/1"", ""codec_name"": ""h264"", ""duration"": ""2.000000"", ""height"": 512, ""nb_frames"": ""16"", ""width"": 512}",78bf96307dd5195f1d4788b700ca8e916415d41892e67541c65c5b2458c8d212:absent
50982fe25d73be528fd0,object_class,object_label_invariance,2.0,/root/wenbiao_zhao/vbench-audit/output/object_color_20260920/families/object_class/videos/video_00051.mp4,50982fe25d73be528fd0:canonical,/root/wenbiao_zhao/vbench-audit/output/object_color_20260920/sources/object_class/50982fe25d73be528fd0.mp4,e83d4adc5911c57091d98d6bf76d114b498262232b072d5c597311d596f40745,test,"{""avg_frame_rate"": ""8/1"", ""codec_name"": ""mpeg4"", ""duration"": ""2.000000"", ""height"": 256, ""nb_frames"": ""16"", ""width"": 256}",e83d4adc5911c57091d98d6bf76d114b498262232b072d5c597311d596f40745:canonical
50982fe25d73be528fd0,object_class,object_label_invariance,2.0,/root/wenbiao_zhao/vbench-audit/output/object_color_20260920/families/object_class/videos/video_00052.mp4,50982fe25d73be528fd0:uppercase,/root/wenbiao_zhao/vbench-audit/output/object_color_20260920/sources/object_class/50982fe25d73be528fd0.mp4,e83d4adc5911c57091d98d6bf76d114b498262232b072d5c597311d596f40745,test,"{""avg_frame_rate"": ""8/1"", ""codec_name"": ""mpeg4"", ""duration"": ""2.000000"", ""height"": 256, ""nb_frames"": ""16"", ""width"": 256}",e83d4adc5911c57091d98d6bf76d114b498262232b072d5c597311d596f40745:uppercase
50982fe25d73be528fd0,object_class,object_label_invariance,2.0,/root/wenbiao_zhao/vbench-audit/output/object_color_20260920/families/object_class/videos/video_00053.mp4,50982fe25d73be528fd0:synonym,/root/wenbiao_zhao/vbench-audit/output/object_color_20260920/sources/object_class/50982fe25d73be528fd0.mp4,e83d4adc5911c57091d98d6bf76d114b498262232b072d5c597311d596f40745,test,"{""avg_frame_rate"": ""8/1"", ""codec_name"": ""mpeg4"", ""duration"": ""2.000000"", ""height"": 256, ""nb_frames"": ""16"", ""width"": 256}",e83d4adc5911c57091d98d6bf76d114b498262232b072d5c597311d596f40745:synonym
50982fe25d73be528fd0,object_class,object_absent_control,2.0,/root/wenbiao_zhao/vbench-audit/output/object_color_20260920/families/object_class/videos/video_00054.mp4,50982fe25d73be528fd0:absent,/root/wenbiao_zhao/vbench-audit/output/object_color_20260920/sources/object_class/50982fe25d73be528fd0.mp4,e83d4adc5911c57091d98d6bf76d114b498262232b072d5c597311d596f40745,test,"{""avg_frame_rate"": ""8/1"", ""codec_name"": ""mpeg4"", ""duration"": ""2.000000"", ""height"": 256, ""nb_frames"": ""16"", ""width"": 256}",e83d4adc5911c57091d98d6bf76d114b498262232b072d5c597311d596f40745:absent
5107ba0d22f4869fd971,object_class,object_label_invariance,2.0,/root/wenbiao_zhao/vbench-audit/output/object_color_20260920/families/object_class/videos/video_00055.mp4,5107ba0d22f4869fd971:canonical,/root/wenbiao_zhao/vbench-audit/output/object_color_20260920/sources/object_class/5107ba0d22f4869fd971.mp4,a87c117755ee7492a5905e17f4d384fdee2bf1b2afbe2e6f9e81e32603b9517b,dev,"{""avg_frame_rate"": ""8/1"", ""codec_name"": ""h264"", ""duration"": ""2.000000"", ""height"": 512, ""nb_frames"": ""16"", ""width"": 512}",a87c117755ee7492a5905e17f4d384fdee2bf1b2afbe2e6f9e81e32603b9517b:canonical
5107ba0d22f4869fd971,object_class,object_label_invariance,2.0,/root/wenbiao_zhao/vbench-audit/output/object_color_20260920/families/object_class/videos/video_00056.mp4,5107ba0d22f4869fd971:uppercase,/root/wenbiao_zhao/vbench-audit/output/object_color_20260920/sources/object_class/5107ba0d22f4869fd971.mp4,a87c117755ee7492a5905e17f4d384fdee2bf1b2afbe2e6f9e81e32603b9517b,dev,"{""avg_frame_rate"": ""8/1"", ""codec_name"": ""h264"", ""duration"": ""2.000000"", ""height"": 512, ""nb_frames"": ""16"", ""width"": 512}",a87c117755ee7492a5905e17f4d384fdee2bf1b2afbe2e6f9e81e32603b9517b:uppercase
5107ba0d22f4869fd971,object_class,object_label_invariance,2.0,/root/wenbiao_zhao/vbench-audit/output/object_color_20260920/families/object_class/videos/video_00057.mp4,5107ba0d22f4869fd971:synonym,/root/wenbiao_zhao/vbench-audit/output/object_color_20260920/sources/object_class/5107ba0d22f4869fd971.mp4,a87c117755ee7492a5905e17f4d384fdee2bf1b2afbe2e6f9e81e32603b9517b,dev,"{""avg_frame_rate"": ""8/1"", ""codec_name"": ""h264"", ""duration"": ""2.000000"", ""height"": 512, ""nb_frames"": ""16"", ""width"": 512}",a87c117755ee7492a5905e17f4d384fdee2bf1b2afbe2e6f9e81e32603b9517b:synonym
5107ba0d22f4869fd971,object_class,object_absent_control,2.0,/root/wenbiao_zhao/vbench-audit/output/object_color_20260920/families/object_class/videos/video_00058.mp4,5107ba0d22f4869fd971:absent,/root/wenbiao_zhao/vbench-audit/output/object_color_20260920/sources/object_class/5107ba0d22f4869fd971.mp4,a87c117755ee7492a5905e17f4d384fdee2bf1b2afbe2e6f9e81e32603b9517b,dev,"{""avg_frame_rate"": ""8/1"", ""codec_name"": ""h264"", ""duration"": ""2.000000"", ""height"": 512, ""nb_frames"": ""16"", ""width"": 512}",a87c117755ee7492a5905e17f4d384fdee2bf1b2afbe2e6f9e81e32603b9517b:absent
5662797c6d4c27f9f770,object_class,object_label_invariance,2.0,/root/wenbiao_zhao/vbench-audit/output/object_color_20260920/families/object_class/videos/video_00059.mp4,5662797c6d4c27f9f770:canonical,/root/wenbiao_zhao/vbench-audit/output/object_color_20260920/sources/object_class/5662797c6d4c27f9f770.mp4,9139db717db971783aac05a4c9ac8462adc09aac7dc4248d76c683d63d41c296,dev,"{""avg_frame_rate"": ""8/1"", ""codec_name"": ""mpeg4"", ""duration"": ""2.000000"", ""height"": 256, ""nb_frames"": ""16"", ""width"": 256}",9139db717db971783aac05a4c9ac8462adc09aac7dc4248d76c683d63d41c296:canonical
5662797c6d4c27f9f770,object_class,object_label_invariance,2.0,/root/wenbiao_zhao/vbench-audit/output/object_color_20260920/families/object_class/videos/video_00060.mp4,5662797c6d4c27f9f770:uppercase,/root/wenbiao_zhao/vbench-audit/output/object_color_20260920/sources/object_class/5662797c6d4c27f9f770.mp4,9139db717db971783aac05a4c9ac8462adc09aac7dc4248d76c683d63d41c296,dev,"{""avg_frame_rate"": ""8/1"", ""codec_name"": ""mpeg4"", ""duration"": ""2.000000"", ""height"": 256, ""nb_frames"": ""16"", ""width"": 256}",9139db717db971783aac05a4c9ac8462adc09aac7dc4248d76c683d63d41c296:uppercase
5662797c6d4c27f9f770,object_class,object_label_invariance,2.0,/root/wenbiao_zhao/vbench-audit/output/object_color_20260920/families/object_class/videos/video_00061.mp4,5662797c6d4c27f9f770:synonym,/root/wenbiao_zhao/vbench-audit/output/object_color_20260920/sources/object_class/5662797c6d4c27f9f770.mp4,9139db717db971783aac05a4c9ac8462adc09aac7dc4248d76c683d63d41c296,dev,"{""avg_frame_rate"": ""8/1"", ""codec_name"": ""mpeg4"", ""duration"": ""2.000000"", ""height"": 256, ""nb_frames"": ""16"", ""width"": 256}",9139db717db971783aac05a4c9ac8462adc09aac7dc4248d76c683d63d41c296:synonym
5662797c6d4c27f9f770,object_class,object_absent_control,2.0,/root/wenbiao_zhao/vbench-audit/output/object_color_20260920/families/object_class/videos/video_00062.mp4,5662797c6d4c27f9f770:absent,/root/wenbiao_zhao/vbench-audit/output/object_color_20260920/sources/object_class/5662797c6d4c27f9f770.mp4,9139db717db971783aac05a4c9ac8462adc09aac7dc4248d76c683d63d41c296,dev,"{""avg_frame_rate"": ""8/1"", ""codec_name"": ""mpeg4"", ""duration"": ""2.000000"", ""height"": 256, ""nb_frames"": ""16"", ""width"": 256}",9139db717db971783aac05a4c9ac8462adc09aac7dc4248d76c683d63d41c296:absent
008cf1d73ad9d83fb48f,color,color_visibility_denominator,2.0,/root/wenbiao_zhao/vbench-audit/output/object_color_20260920/families/color/videos/video_00000.mp4,008cf1d73ad9d83fb48f:visibility:1.0,/root/wenbiao_zhao/vbench-audit/output/object_color_20260920/construction/color/008cf1d73ad9d83fb48f-100.mp4,e6ee1d4639a4ba24f71754af586b405929a8a10bb3eedb689f8ae3662e2a639f,test,"{""avg_frame_rate"": ""8/1"", ""codec_name"": ""h264"", ""duration"": ""2.000000"", ""height"": 512, ""nb_frames"": ""16"", ""width"": 512}",008cf1d73ad9d83fb48f:visibility:1.0
008cf1d73ad9d83fb48f,color,color_visibility_denominator,2.0,/root/wenbiao_zhao/vbench-audit/output/object_color_20260920/families/color/videos/video_00001.mp4,008cf1d73ad9d83fb48f:visibility:0.75,/root/wenbiao_zhao/vbench-audit/output/object_color_20260920/construction/color/008cf1d73ad9d83fb48f-075.mp4,3b57da4f947f5c3325292c4f601bea6567fb8dcd1e5086bb34b5073c2dc1ba6e,test,"{""avg_frame_rate"": ""8/1"", ""codec_name"": ""h264"", ""duration"": ""2.000000"", ""height"": 512, ""nb_frames"": ""16"", ""width"": 512}",008cf1d73ad9d83fb48f:visibility:0.75
008cf1d73ad9d83fb48f,color,color_visibility_denominator,2.0,/root/wenbiao_zhao/vbench-audit/output/object_color_20260920/families/color/videos/video_00002.mp4,008cf1d73ad9d83fb48f:visibility:0.5,/root/wenbiao_zhao/vbench-audit/output/object_color_20260920/construction/color/008cf1d73ad9d83fb48f-050.mp4,7b4740d328e7695f6c07207aa216f0fed361aea15eb6cb251b5abbe5e970233d,test,"{""avg_frame_rate"": ""8/1"", ""codec_name"": ""h264"", ""duration"": ""2.000000"", ""height"": 512, ""nb_frames"": ""16"", ""width"": 512}",008cf1d73ad9d83fb48f:visibility:0.5
008cf1d73ad9d83fb48f,color,color_visibility_denominator,2.0,/root/wenbiao_zhao/vbench-audit/output/object_color_20260920/families/color/videos/video_00003.mp4,008cf1d73ad9d83fb48f:visibility:0.25,/root/wenbiao_zhao/vbench-audit/output/object_color_20260920/construction/color/008cf1d73ad9d83fb48f-025.mp4,226c9c8d901df072c3fcecc494a4e355120a68a938678c967db5feffe1c565c3,test,"{""avg_frame_rate"": ""8/1"", ""codec_name"": ""h264"", ""duration"": ""2.000000"", ""height"": 512, ""nb_frames"": ""16"", ""width"": 512}",008cf1d73ad9d83fb48f:visibility:0.25
008cf1d73ad9d83fb48f,color,color_visibility_denominator,2.0,/root/wenbiao_zhao/vbench-audit/output/object_color_20260920/families/color/videos/video_00004.mp4,008cf1d73ad9d83fb48f:visibility:0.0,/root/wenbiao_zhao/vbench-audit/output/object_color_20260920/construction/color/008cf1d73ad9d83fb48f-000.mp4,6d98b61d7787ff7df7dd84f8d1ae9949b01059f7b1f654cc3a8bb5f2c81e96fc,test,"{""avg_frame_rate"": ""8/1"", ""codec_name"": ""h264"", ""duration"": ""2.000000"", ""height"": 512, ""nb_frames"": ""16"", ""width"": 512}",008cf1d73ad9d83fb48f:visibility:0.0
008cf1d73ad9d83fb48f,color,color_synonym_control,2.0,/root/wenbiao_zhao/vbench-audit/output/object_color_20260920/families/color/videos/video_00005.mp4,008cf1d73ad9d83fb48f:synonym,/root/wenbiao_zhao/vbench-audit/output/object_color_20260920/construction/color/008cf1d73ad9d83fb48f-100.mp4,e6ee1d4639a4ba24f71754af586b405929a8a10bb3eedb689f8ae3662e2a639f,test,"{""avg_frame_rate"": ""8/1"", ""codec_name"": ""h264"", ""duration"": ""2.000000"", ""height"": 512, ""nb_frames"": ""16"", ""width"": 512}",008cf1d73ad9d83fb48f:synonym
013a582e290cf7b6109c,color,color_visibility_denominator,2.0,/root/wenbiao_zhao/vbench-audit/output/object_color_20260920/families/color/videos/video_00006.mp4,013a582e290cf7b6109c:visibility:1.0,/root/wenbiao_zhao/vbench-audit/output/object_color_20260920/construction/color/013a582e290cf7b6109c-100.mp4,0f12bee1f0378ad3161ab34b8fcc54ea7ce40fbab6287e69e34b35a51af40ec5,test,"{""avg_frame_rate"": ""8/1"", ""codec_name"": ""h264"", ""duration"": ""2.000000"", ""height"": 256, ""nb_frames"": ""16"", ""width"": 256}",013a582e290cf7b6109c:visibility:1.0
013a582e290cf7b6109c,color,color_visibility_denominator,2.0,/root/wenbiao_zhao/vbench-audit/output/object_color_20260920/families/color/videos/video_00007.mp4,013a582e290cf7b6109c:visibility:0.75,/root/wenbiao_zhao/vbench-audit/output/object_color_20260920/construction/color/013a582e290cf7b6109c-075.mp4,319205f3e7872e1fd6ac7503da7e7352cbab6639ddc98ad9ce1e858d7b7fe96d,test,"{""avg_frame_rate"": ""8/1"", ""codec_name"": ""h264"", ""duration"": ""2.000000"", ""height"": 256, ""nb_frames"": ""16"", ""width"": 256}",013a582e290cf7b6109c:visibility:0.75
013a582e290cf7b6109c,color,color_visibility_denominator,2.0,/root/wenbiao_zhao/vbench-audit/output/object_color_20260920/families/color/videos/video_00008.mp4,013a582e290cf7b6109c:visibility:0.5,/root/wenbiao_zhao/vbench-audit/output/object_color_20260920/construction/color/013a582e290cf7b6109c-050.mp4,9a6063a2a7aa850981b38f2a08b62f1cab78c1b7e2a912439166eb91036408a6,test,"{""avg_frame_rate"": ""8/1"", ""codec_name"": ""h264"", ""duration"": ""2.000000"", ""height"": 256, ""nb_frames"": ""16"", ""width"": 256}",013a582e290cf7b6109c:visibility:0.5
013a582e290cf7b6109c,color,color_visibility_denominator,2.0,/root/wenbiao_zhao/vbench-audit/output/object_color_20260920/families/color/videos/video_00009.mp4,013a582e290cf7b6109c:visibility:0.25,/root/wenbiao_zhao/vbench-audit/output/object_color_20260920/construction/color/013a582e290cf7b6109c-025.mp4,4d68ca6670b547d463b4763f1ead3f814d5e8bc4aada0b66310c115cb31e4a09,test,"{""avg_frame_rate"": ""8/1"", ""codec_name"": ""h264"", ""duration"": ""2.000000"", ""height"": 256, ""nb_frames"": ""16"", ""width"": 256}",013a582e290cf7b6109c:visibility:0.25
013a582e290cf7b6109c,color,color_visibility_denominator,2.0,/root/wenbiao_zhao/vbench-audit/output/object_color_20260920/families/color/videos/video_00010.mp4,013a582e290cf7b6109c:visibility:0.0,/root/wenbiao_zhao/vbench-audit/output/object_color_20260920/construction/color/013a582e290cf7b6109c-000.mp4,40f78c5bcf9d02dd651591770033bc978c3bd9928a8f2dd7cb23615fe9129683,test,"{""avg_frame_rate"": ""8/1"", ""codec_name"": ""h264"", ""duration"": ""2.000000"", ""height"": 256, ""nb_frames"": ""16"", ""width"": 256}",013a582e290cf7b6109c:visibility:0.0
013a582e290cf7b6109c,color,color_synonym_control,2.0,/root/wenbiao_zhao/vbench-audit/output/object_color_20260920/families/color/videos/video_00011.mp4,013a582e290cf7b6109c:synonym,/root/wenbiao_zhao/vbench-audit/output/object_color_20260920/construction/color/013a582e290cf7b6109c-100.mp4,0f12bee1f0378ad3161ab34b8fcc54ea7ce40fbab6287e69e34b35a51af40ec5,test,"{""avg_frame_rate"": ""8/1"", ""codec_name"": ""h264"", ""duration"": ""2.000000"", ""height"": 256, ""nb_frames"": ""16"", ""width"": 256}",013a582e290cf7b6109c:synonym
1191409152a26c2e3a7b,color,color_visibility_denominator,2.0,/root/wenbiao_zhao/vbench-audit/output/object_color_20260920/families/color/videos/video_00030.mp4,1191409152a26c2e3a7b:visibility:1.0,/root/wenbiao_zhao/vbench-audit/output/object_color_20260920/construction/color/1191409152a26c2e3a7b-100.mp4,516f60ded1f522ef453d4f737a5705d98c6ccbcd8fcfe257e097fdd6f41745f7,test,"{""avg_frame_rate"": ""8/1"", ""codec_name"": ""h264"", ""duration"": ""2.000000"", ""height"": 256, ""nb_frames"": ""16"", ""width"": 256}",1191409152a26c2e3a7b:visibility:1.0
1191409152a26c2e3a7b,color,color_visibility_denominator,2.0,/root/wenbiao_zhao/vbench-audit/output/object_color_20260920/families/color/videos/video_00031.mp4,1191409152a26c2e3a7b:visibility:0.75,/root/wenbiao_zhao/vbench-audit/output/object_color_20260920/construction/color/1191409152a26c2e3a7b-075.mp4,e9aead41706d38059a60a6a9ada4c38ed6a350e864d14af132e05239b5fccae3,test,"{""avg_frame_rate"": ""8/1"", ""codec_name"": ""h264"", ""duration"": ""2.000000"", ""height"": 256, ""nb_frames"": ""16"", ""width"": 256}",1191409152a26c2e3a7b:visibility:0.75
1191409152a26c2e3a7b,color,color_visibility_denominator,2.0,/root/wenbiao_zhao/vbench-audit/output/object_color_20260920/families/color/videos/video_00032.mp4,1191409152a26c2e3a7b:visibility:0.5,/root/wenbiao_zhao/vbench-audit/output/object_color_20260920/construction/color/1191409152a26c2e3a7b-050.mp4,15626470a702f19b6ba0b3506c68e0db9760efe98dcecf76b9d3ef494dc5546f,test,"{""avg_frame_rate"": ""8/1"", ""codec_name"": ""h264"", ""duration"": ""2.000000"", ""height"": 256, ""nb_frames"": ""16"", ""width"": 256}",1191409152a26c2e3a7b:visibility:0.5
1191409152a26c2e3a7b,color,color_visibility_denominator,2.0,/root/wenbiao_zhao/vbench-audit/output/object_color_20260920/families/color/videos/video_00033.mp4,1191409152a26c2e3a7b:visibility:0.25,/root/wenbiao_zhao/vbench-audit/output/object_color_20260920/construction/color/1191409152a26c2e3a7b-025.mp4,61696235eb443b31b5a4512f148014541ef98c8b353167d1c0be7365ca10b260,test,"{""avg_frame_rate"": ""8/1"", ""codec_name"": ""h264"", ""duration"": ""2.000000"", ""height"": 256, ""nb_frames"": ""16"", ""width"": 256}",1191409152a26c2e3a7b:visibility:0.25
1191409152a26c2e3a7b,color,color_visibility_denominator,2.0,/root/wenbiao_zhao/vbench-audit/output/object_color_20260920/families/color/videos/video_00034.mp4,1191409152a26c2e3a7b:visibility:0.0,/root/wenbiao_zhao/vbench-audit/output/object_color_20260920/construction/color/1191409152a26c2e3a7b-000.mp4,0269bd1bfb75ab1ac57c3d514c1eb920a5847f32fabecb66091eca66e5ea9a61,test,"{""avg_frame_rate"": ""8/1"", ""codec_name"": ""h264"", ""duration"": ""2.000000"", ""height"": 256, ""nb_frames"": ""16"", ""width"": 256}",1191409152a26c2e3a7b:visibility:0.0
1191409152a26c2e3a7b,color,color_synonym_control,2.0,/root/wenbiao_zhao/vbench-audit/output/object_color_20260920/families/color/videos/video_00035.mp4,1191409152a26c2e3a7b:synonym,/root/wenbiao_zhao/vbench-audit/output/object_color_20260920/construction/color/1191409152a26c2e3a7b-100.mp4,516f60ded1f522ef453d4f737a5705d98c6ccbcd8fcfe257e097fdd6f41745f7,test,"{""avg_frame_rate"": ""8/1"", ""codec_name"": ""h264"", ""duration"": ""2.000000"", ""height"": 256, ""nb_frames"": ""16"", ""width"": 256}",1191409152a26c2e3a7b:synonym
2483a015995b733ff350,color,color_visibility_denominator,2.0,/root/wenbiao_zhao/vbench-audit/output/object_color_20260920/families/color/videos/video_00078.mp4,2483a015995b733ff350:visibility:1.0,/root/wenbiao_zhao/vbench-audit/output/object_color_20260920/construction/color/2483a015995b733ff350-100.mp4,afe51a82f5759d9d4087fe242e73e97cc451af9b3b9f8e0dfb8699f653c8ed12,test,"{""avg_frame_rate"": ""8/1"", ""codec_name"": ""h264"", ""duration"": ""2.000000"", ""height"": 256, ""nb_frames"": ""16"", ""width"": 256}",2483a015995b733ff350:visibility:1.0
2483a015995b733ff350,color,color_visibility_denominator,2.0,/root/wenbiao_zhao/vbench-audit/output/object_color_20260920/families/color/videos/video_00079.mp4,2483a015995b733ff350:visibility:0.75,/root/wenbiao_zhao/vbench-audit/output/object_color_20260920/construction/color/2483a015995b733ff350-075.mp4,6d24cf4f92aa23da4a02c3ef2f4542d8cb4de7883564d3bd0f482f7bd5adc88b,test,"{""avg_frame_rate"": ""8/1"", ""codec_name"": ""h264"", ""duration"": ""2.000000"", ""height"": 256, ""nb_frames"": ""16"", ""width"": 256}",2483a015995b733ff350:visibility:0.75
2483a015995b733ff350,color,color_visibility_denominator,2.0,/root/wenbiao_zhao/vbench-audit/output/object_color_20260920/families/color/videos/video_00080.mp4,2483a015995b733ff350:visibility:0.5,/root/wenbiao_zhao/vbench-audit/output/object_color_20260920/construction/color/2483a015995b733ff350-050.mp4,060eb3e88098f2fbc9be83fc5cd74d582d556424cb8ea91dc452f6c12b302528,test,"{""avg_frame_rate"": ""8/1"", ""codec_name"": ""h264"", ""duration"": ""2.000000"", ""height"": 256, ""nb_frames"": ""16"", ""width"": 256}",2483a015995b733ff350:visibility:0.5
2483a015995b733ff350,color,color_visibility_denominator,2.0,/root/wenbiao_zhao/vbench-audit/output/object_color_20260920/families/color/videos/video_00081.mp4,2483a015995b733ff350:visibility:0.25,/root/wenbiao_zhao/vbench-audit/output/object_color_20260920/construction/color/2483a015995b733ff350-025.mp4,47ffc7548db0db3ad22e0e8b76a970fa2a8db65c1fd0de63b4c129fc35034a07,test,"{""avg_frame_rate"": ""8/1"", ""codec_name"": ""h264"", ""duration"": ""2.000000"", ""height"": 256, ""nb_frames"": ""16"", ""width"": 256}",2483a015995b733ff350:visibility:0.25
2483a015995b733ff350,color,color_visibility_denominator,2.0,/root/wenbiao_zhao/vbench-audit/output/object_color_20260920/families/color/videos/video_00082.mp4,2483a015995b733ff350:visibility:0.0,/root/wenbiao_zhao/vbench-audit/output/object_color_20260920/construction/color/2483a015995b733ff350-000.mp4,a1fb1e2550c8c9f1022f6dad5a1adc72a9923870bd820a4a004483abe31ef242,test,"{""avg_frame_rate"": ""8/1"", ""codec_name"": ""h264"", ""duration"": ""2.000000"", ""height"": 256, ""nb_frames"": ""16"", ""width"": 256}",2483a015995b733ff350:visibility:0.0
2483a015995b733ff350,color,color_synonym_control,2.0,/root/wenbiao_zhao/vbench-audit/output/object_color_20260920/families/color/videos/video_00083.mp4,2483a015995b733ff350:synonym,/root/wenbiao_zhao/vbench-audit/output/object_color_20260920/construction/color/2483a015995b733ff350-100.mp4,afe51a82f5759d9d4087fe242e73e97cc451af9b3b9f8e0dfb8699f653c8ed12,test,"{""avg_frame_rate"": ""8/1"", ""codec_name"": ""h264"", ""duration"": ""2.000000"", ""height"": 256, ""nb_frames"": ""16"", ""width"": 256}",2483a015995b733ff350:synonym
357738f0c9ffc6b001b9,color,color_visibility_denominator,2.0,/root/wenbiao_zhao/vbench-audit/output/object_color_20260920/families/color/videos/video_00102.mp4,357738f0c9ffc6b001b9:visibility:1.0,/root/wenbiao_zhao/vbench-audit/output/object_color_20260920/construction/color/357738f0c9ffc6b001b9-100.mp4,7d5cf44782d3d19e16ccfc5021b6e28e95abc41222349ae8751340459784ea11,test,"{""avg_frame_rate"": ""8/1"", ""codec_name"": ""h264"", ""duration"": ""2.000000"", ""height"": 256, ""nb_frames"": ""16"", ""width"": 256}",357738f0c9ffc6b001b9:visibility:1.0
357738f0c9ffc6b001b9,color,color_visibility_denominator,2.0,/root/wenbiao_zhao/vbench-audit/output/object_color_20260920/families/color/videos/video_00103.mp4,357738f0c9ffc6b001b9:visibility:0.75,/root/wenbiao_zhao/vbench-audit/output/object_color_20260920/construction/color/357738f0c9ffc6b001b9-075.mp4,467521a30a6f73c425386b95485d69d1a9ed6480a46ae8eccb7f593ff6d1440e,test,"{""avg_frame_rate"": ""8/1"", ""codec_name"": ""h264"", ""duration"": ""2.000000"", ""height"": 256, ""nb_frames"": ""16"", ""width"": 256}",357738f0c9ffc6b001b9:visibility:0.75
357738f0c9ffc6b001b9,color,color_visibility_denominator,2.0,/root/wenbiao_zhao/vbench-audit/output/object_color_20260920/families/color/videos/video_00104.mp4,357738f0c9ffc6b001b9:visibility:0.5,/root/wenbiao_zhao/vbench-audit/output/object_color_20260920/construction/color/357738f0c9ffc6b001b9-050.mp4,089c9f990971de6031e658e04bea2b76a4737145314d51d6b1852476f8a358c0,test,"{""avg_frame_rate"": ""8/1"", ""codec_name"": ""h264"", ""duration"": ""2.000000"", ""height"": 256, ""nb_frames"": ""16"", ""width"": 256}",357738f0c9ffc6b001b9:visibility:0.5
357738f0c9ffc6b001b9,color,color_visibility_denominator,2.0,/root/wenbiao_zhao/vbench-audit/output/object_color_20260920/families/color/videos/video_00105.mp4,357738f0c9ffc6b001b9:visibility:0.25,/root/wenbiao_zhao/vbench-audit/output/object_color_20260920/construction/color/357738f0c9ffc6b001b9-025.mp4,ac904ea576effee29d279be700747cfe154b08685bcea4dff5dee7ce4cdb53ba,test,"{""avg_frame_rate"": ""8/1"", ""codec_name"": ""h264"", ""duration"": ""2.000000"", ""height"": 256, ""nb_frames"": ""16"", ""width"": 256}",357738f0c9ffc6b001b9:visibility:0.25
357738f0c9ffc6b001b9,color,color_visibility_denominator,2.0,/root/wenbiao_zhao/vbench-audit/output/object_color_20260920/families/color/videos/video_00106.mp4,357738f0c9ffc6b001b9:visibility:0.0,/root/wenbiao_zhao/vbench-audit/output/object_color_20260920/construction/color/357738f0c9ffc6b001b9-000.mp4,7751cb20e08a817d39d26b477a8ef7747db53160cd92a7fa1b3ab504ba34b4ec,test,"{""avg_frame_rate"": ""8/1"", ""codec_name"": ""h264"", ""duration"": ""2.000000"", ""height"": 256, ""nb_frames"": ""16"", ""width"": 256}",357738f0c9ffc6b001b9:visibility:0.0
357738f0c9ffc6b001b9,color,color_synonym_control,2.0,/root/wenbiao_zhao/vbench-audit/output/object_color_20260920/families/color/videos/video_00107.mp4,357738f0c9ffc6b001b9:synonym,/root/wenbiao_zhao/vbench-audit/output/object_color_20260920/construction/color/357738f0c9ffc6b001b9-100.mp4,7d5cf44782d3d19e16ccfc5021b6e28e95abc41222349ae8751340459784ea11,test,"{""avg_frame_rate"": ""8/1"", ""codec_name"": ""h264"", ""duration"": ""2.000000"", ""height"": 256, ""nb_frames"": ""16"", ""width"": 256}",357738f0c9ffc6b001b9:synonym
45da8c2232669ce73b0d,color,color_visibility_denominator,2.0,/root/wenbiao_zhao/vbench-audit/output/object_color_20260920/families/color/videos/video_00126.mp4,45da8c2232669ce73b0d:visibility:1.0,/root/wenbiao_zhao/vbench-audit/output/object_color_20260920/construction/color/45da8c2232669ce73b0d-100.mp4,9d0674d48846790bff69977e5847ba959d36db21b0ce0b90fc9b0688af0eeb2c,dev,"{""avg_frame_rate"": ""8/1"", ""codec_name"": ""h264"", ""duration"": ""2.000000"", ""height"": 256, ""nb_frames"": ""16"", ""width"": 256}",45da8c2232669ce73b0d:visibility:1.0
45da8c2232669ce73b0d,color,color_visibility_denominator,2.0,/root/wenbiao_zhao/vbench-audit/output/object_color_20260920/families/color/videos/video_00127.mp4,45da8c2232669ce73b0d:visibility:0.75,/root/wenbiao_zhao/vbench-audit/output/object_color_20260920/construction/color/45da8c2232669ce73b0d-075.mp4,177b18ade866ef87ccac28d36f26dcccbb1275538627ad5b94ce43379641ad1f,dev,"{""avg_frame_rate"": ""8/1"", ""codec_name"": ""h264"", ""duration"": ""2.000000"", ""height"": 256, ""nb_frames"": ""16"", ""width"": 256}",45da8c2232669ce73b0d:visibility:0.75
45da8c2232669ce73b0d,color,color_visibility_denominator,2.0,/root/wenbiao_zhao/vbench-audit/output/object_color_20260920/families/color/videos/video_00128.mp4,45da8c2232669ce73b0d:visibility:0.5,/root/wenbiao_zhao/vbench-audit/output/object_color_20260920/construction/color/45da8c2232669ce73b0d-050.mp4,8da5308dcff9e3e7abf3e72a82414b408288d20ecbac7b349279dc9f327bc4c7,dev,"{""avg_frame_rate"": ""8/1"", ""codec_name"": ""h264"", ""duration"": ""2.000000"", ""height"": 256, ""nb_frames"": ""16"", ""width"": 256}",45da8c2232669ce73b0d:visibility:0.5
45da8c2232669ce73b0d,color,color_visibility_denominator,2.0,/root/wenbiao_zhao/vbench-audit/output/object_color_20260920/families/color/videos/video_00129.mp4,45da8c2232669ce73b0d:visibility:0.25,/root/wenbiao_zhao/vbench-audit/output/object_color_20260920/construction/color/45da8c2232669ce73b0d-025.mp4,603e933da199de6790f8c1e22595769eba6c98f0966b6d8bf2b7071f0b31af63,dev,"{""avg_frame_rate"": ""8/1"", ""codec_name"": ""h264"", ""duration"": ""2.000000"", ""height"": 256, ""nb_frames"": ""16"", ""width"": 256}",45da8c2232669ce73b0d:visibility:0.25
45da8c2232669ce73b0d,color,color_visibility_denominator,2.0,/root/wenbiao_zhao/vbench-audit/output/object_color_20260920/families/color/videos/video_00130.mp4,45da8c2232669ce73b0d:visibility:0.0,/root/wenbiao_zhao/vbench-audit/output/object_color_20260920/construction/color/45da8c2232669ce73b0d-000.mp4,d95e729707509172e8625cd74bb7c79b8e1e69145916c687ea6e9ef4b96f5dd1,dev,"{""avg_frame_rate"": ""8/1"", ""codec_name"": ""h264"", ""duration"": ""2.000000"", ""height"": 256, ""nb_frames"": ""16"", ""width"": 256}",45da8c2232669ce73b0d:visibility:0.0
45da8c2232669ce73b0d,color,color_synonym_control,2.0,/root/wenbiao_zhao/vbench-audit/output/object_color_20260920/families/color/videos/video_00131.mp4,45da8c2232669ce73b0d:synonym,/root/wenbiao_zhao/vbench-audit/output/object_color_20260920/construction/color/45da8c2232669ce73b0d-100.mp4,9d0674d48846790bff69977e5847ba959d36db21b0ce0b90fc9b0688af0eeb2c,dev,"{""avg_frame_rate"": ""8/1"", ""codec_name"": ""h264"", ""duration"": ""2.000000"", ""height"": 256, ""nb_frames"": ""16"", ""width"": 256}",45da8c2232669ce73b0d:synonym
49fce5ff3ddd74a04f0d,color,color_visibility_denominator,2.0,/root/wenbiao_zhao/vbench-audit/output/object_color_20260920/families/color/videos/video_00138.mp4,49fce5ff3ddd74a04f0d:visibility:1.0,/root/wenbiao_zhao/vbench-audit/output/object_color_20260920/construction/color/49fce5ff3ddd74a04f0d-100.mp4,311966e225983023b9551ed0b9fd0f9455165a9d996593f8cbb4394ebb56e228,dev,"{""avg_frame_rate"": ""8/1"", ""codec_name"": ""h264"", ""duration"": ""2.000000"", ""height"": 256, ""nb_frames"": ""16"", ""width"": 256}",49fce5ff3ddd74a04f0d:visibility:1.0
49fce5ff3ddd74a04f0d,color,color_visibility_denominator,2.0,/root/wenbiao_zhao/vbench-audit/output/object_color_20260920/families/color/videos/video_00139.mp4,49fce5ff3ddd74a04f0d:visibility:0.75,/root/wenbiao_zhao/vbench-audit/output/object_color_20260920/construction/color/49fce5ff3ddd74a04f0d-075.mp4,b8cb624e6e7e48274934c47f383f9f44ef16321a5046983cd005e6da93d1fdba,dev,"{""avg_frame_rate"": ""8/1"", ""codec_name"": ""h264"", ""duration"": ""2.000000"", ""height"": 256, ""nb_frames"": ""16"", ""width"": 256}",49fce5ff3ddd74a04f0d:visibility:0.75
49fce5ff3ddd74a04f0d,color,color_visibility_denominator,2.0,/root/wenbiao_zhao/vbench-audit/output/object_color_20260920/families/color/videos/video_00140.mp4,49fce5ff3ddd74a04f0d:visibility:0.5,/root/wenbiao_zhao/vbench-audit/output/object_color_20260920/construction/color/49fce5ff3ddd74a04f0d-050.mp4,aa67900c8d63d352845504c55c8573651642343842635b98e3217e4667c39988,dev,"{""avg_frame_rate"": ""8/1"", ""codec_name"": ""h264"", ""duration"": ""2.000000"", ""height"": 256, ""nb_frames"": ""16"", ""width"": 256}",49fce5ff3ddd74a04f0d:visibility:0.5
49fce5ff3ddd74a04f0d,color,color_visibility_denominator,2.0,/root/wenbiao_zhao/vbench-audit/output/object_color_20260920/families/color/videos/video_00141.mp4,49fce5ff3ddd74a04f0d:visibility:0.25,/root/wenbiao_zhao/vbench-audit/output/object_color_20260920/construction/color/49fce5ff3ddd74a04f0d-025.mp4,aad9967fac734f2d7810da3f572ad5a8fad87ea7b6eed56be885b1d603414b6f,dev,"{""avg_frame_rate"": ""8/1"", ""codec_name"": ""h264"", ""duration"": ""2.000000"", ""height"": 256, ""nb_frames"": ""16"", ""width"": 256}",49fce5ff3ddd74a04f0d:visibility:0.25
49fce5ff3ddd74a04f0d,color,color_visibility_denominator,2.0,/root/wenbiao_zhao/vbench-audit/output/object_color_20260920/families/color/videos/video_00142.mp4,49fce5ff3ddd74a04f0d:visibility:0.0,/root/wenbiao_zhao/vbench-audit/output/object_color_20260920/construction/color/49fce5ff3ddd74a04f0d-000.mp4,1155c97f3e94e5ced9b45b39cf47c6a6a23bc565ff8839eb8f598fb569d8c3a5,dev,"{""avg_frame_rate"": ""8/1"", ""codec_name"": ""h264"", ""duration"": ""2.000000"", ""height"": 256, ""nb_frames"": ""16"", ""width"": 256}",49fce5ff3ddd74a04f0d:visibility:0.0
49fce5ff3ddd74a04f0d,color,color_synonym_control,2.0,/root/wenbiao_zhao/vbench-audit/output/object_color_20260920/families/color/videos/video_00143.mp4,49fce5ff3ddd74a04f0d:synonym,/root/wenbiao_zhao/vbench-audit/output/object_color_20260920/construction/color/49fce5ff3ddd74a04f0d-100.mp4,311966e225983023b9551ed0b9fd0f9455165a9d996593f8cbb4394ebb56e228,dev,"{""avg_frame_rate"": ""8/1"", ""codec_name"": ""h264"", ""duration"": ""2.000000"", ""height"": 256, ""nb_frames"": ""16"", ""width"": 256}",49fce5ff3ddd74a04f0d:synonym
