base_id,family,official,official_status,parity_error,query_uid,raw_trace_exact_rule,repair,repair_status,split,variant,binding,binding_lexical,binding_lexical_status,binding_status,visible_fraction
067d83642a45da492b3e,object_label_invariance,1.0,succeeded,0.0,067d83642a45da492b3e:canonical,1.0,1.0,succeeded,test,canonical,,,,,
067d83642a45da492b3e,object_label_invariance,0.0,succeeded,0.0,067d83642a45da492b3e:uppercase,0.0,1.0,succeeded,test,uppercase,,,,,
067d83642a45da492b3e,object_absent_control,0.0,succeeded,0.0,067d83642a45da492b3e:absent,0.0,0.0,succeeded,test,absent,,,,,
15f2ee65eccc7813c5a8,object_label_invariance,1.0,succeeded,0.0,15f2ee65eccc7813c5a8:canonical,1.0,1.0,succeeded,test,canonical,,,,,
15f2ee65eccc7813c5a8,object_label_invariance,0.0,succeeded,0.0,15f2ee65eccc7813c5a8:uppercase,0.0,1.0,succeeded,test,uppercase,,,,,
15f2ee65eccc7813c5a8,object_label_invariance,0.0,succeeded,0.0,15f2ee65eccc7813c5a8:synonym,0.0,1.0,succeeded,test,synonym,,,,,
15f2ee65eccc7813c5a8,object_absent_control,0.0,succeeded,0.0,15f2ee65eccc7813c5a8:absent,0.0,0.0,succeeded,test,absent,,,,,
1736abb91ae7667952ff,object_label_invariance,1.0,succeeded,0.0,1736abb91ae7667952ff:canonical,1.0,1.0,succeeded,test,canonical,,,,,
1736abb91ae7667952ff,object_label_invariance,0.0,succeeded,0.0,1736abb91ae7667952ff:uppercase,0.0,1.0,succeeded,test,uppercase,,,,,
1736abb91ae7667952ff,object_label_invariance,0.0,succeeded,0.0,1736abb91ae7667952ff:synonym,0.0,1.0,succeeded,test,synonym,,,,,
1736abb91ae7667952ff,object_absent_control,0.0,succeeded,0.0,1736abb91ae7667952ff:absent,0.0,0.0,succeeded,test,absent,,,,,
1bd29565e4d7646286c6,object_label_invariance,1.0,succeeded,0.0,1bd29565e4d7646286c6:canonical,1.0,1.0,succeeded,test,canonical,,,,,
1bd29565e4d7646286c6,object_label_invariance,0.0,succeeded,0.0,1bd29565e4d7646286c6:uppercase,0.0,1.0,succeeded,test,uppercase,,,,,
1bd29565e4d7646286c6,object_label_invariance,0.0,succeeded,0.0,1bd29565e4d7646286c6:synonym,0.0,1.0,succeeded,test,synonym,,,,,
1bd29565e4d7646286c6,object_absent_control,0.0,succeeded,0.0,1bd29565e4d7646286c6:absent,0.0,0.0,succeeded,test,absent,,,,,
1c3e4841315ea957362f,object_label_invariance,1.0,succeeded,0.0,1c3e4841315ea957362f:canonical,1.0,1.0,succeeded,test,canonical,,,,,
1c3e4841315ea957362f,object_label_invariance,0.0,succeeded,0.0,1c3e4841315ea957362f:uppercase,0.0,1.0,succeeded,test,uppercase,,,,,
1c3e4841315ea957362f,object_label_invariance,0.0,succeeded,0.0,1c3e4841315ea957362f:synonym,0.0,1.0,succeeded,test,synonym,,,,,
1c3e4841315ea957362f,object_absent_control,0.0,succeeded,0.0,1c3e4841315ea957362f:absent,0.0,0.0,succeeded,test,absent,,,,,
1cb78dba07d74a7bd099,object_label_invariance,1.0,succeeded,0.0,1cb78dba07d74a7bd099:canonical,1.0,1.0,succeeded,test,canonical,,,,,
1cb78dba07d74a7bd099,object_label_invariance,0.0,succeeded,0.0,1cb78dba07d74a7bd099:uppercase,0.0,1.0,succeeded,test,uppercase,,,,,
1cb78dba07d74a7bd099,object_label_invariance,0.0,succeeded,0.0,1cb78dba07d74a7bd099:synonym,0.0,1.0,succeeded,test,synonym,,,,,
1cb78dba07d74a7bd099,object_absent_control,0.0,succeeded,0.0,1cb78dba07d74a7bd099:absent,0.0,0.0,succeeded,test,absent,,,,,
1fe740b56828f4cc402f,object_label_invariance,1.0,succeeded,0.0,1fe740b56828f4cc402f:canonical,1.0,1.0,succeeded,test,canonical,,,,,
1fe740b56828f4cc402f,object_label_invariance,0.0,succeeded,0.0,1fe740b56828f4cc402f:uppercase,0.0,1.0,succeeded,test,uppercase,,,,,
1fe740b56828f4cc402f,object_label_invariance,0.0,succeeded,0.0,1fe740b56828f4cc402f:synonym,0.0,1.0,succeeded,test,synonym,,,,,
1fe740b56828f4cc402f,object_absent_control,0.0,succeeded,0.0,1fe740b56828f4cc402f:absent,0.0,0.0,succeeded,test,absent,,,,,
22c8586101346a587f22,object_label_invariance,1.0,succeeded,0.0,22c8586101346a587f22:canonical,1.0,1.0,succeeded,test,canonical,,,,,
22c8586101346a587f22,object_label_invariance,0.0,succeeded,0.0,22c8586101346a587f22:uppercase,0.0,1.0,succeeded,test,uppercase,,,,,
22c8586101346a587f22,object_label_invariance,0.0,succeeded,0.0,22c8586101346a587f22:synonym,0.0,1.0,succeeded,test,synonym,,,,,
22c8586101346a587f22,object_absent_control,0.0,succeeded,0.0,22c8586101346a587f22:absent,0.0,0.0,succeeded,test,absent,,,,,
33afb0cd686b57fec7d2,object_label_invariance,1.0,succeeded,0.0,33afb0cd686b57fec7d2:canonical,1.0,1.0,succeeded,test,canonical,,,,,
33afb0cd686b57fec7d2,object_label_invariance,0.0,succeeded,0.0,33afb0cd686b57fec7d2:uppercase,0.0,1.0,succeeded,test,uppercase,,,,,
33afb0cd686b57fec7d2,object_label_invariance,0.0,succeeded,0.0,33afb0cd686b57fec7d2:synonym,0.0,1.0,succeeded,test,synonym,,,,,
33afb0cd686b57fec7d2,object_absent_control,0.0,succeeded,0.0,33afb0cd686b57fec7d2:absent,0.0,0.0,succeeded,test,absent,,,,,
45aa82a214b52f19d081,object_label_invariance,0.875,succeeded,0.0,45aa82a214b52f19d081:canonical,0.875,0.875,succeeded,test,canonical,,,,,
45aa82a214b52f19d081,object_label_invariance,0.0,succeeded,0.0,45aa82a214b52f19d081:uppercase,0.0,0.875,succeeded,test,uppercase,,,,,
45aa82a214b52f19d081,object_label_invariance,0.0,succeeded,0.0,45aa82a214b52f19d081:synonym,0.0,0.875,succeeded,test,synonym,,,,,
45aa82a214b52f19d081,object_absent_control,0.0625,succeeded,0.0,45aa82a214b52f19d081:absent,0.0625,0.0625,succeeded,test,absent,,,,,
47bb0eabb030fb9ba48c,object_label_invariance,1.0,succeeded,0.0,47bb0eabb030fb9ba48c:canonical,1.0,1.0,succeeded,test,canonical,,,,,
47bb0eabb030fb9ba48c,object_label_invariance,0.0,succeeded,0.0,47bb0eabb030fb9ba48c:uppercase,0.0,1.0,succeeded,test,uppercase,,,,,
47bb0eabb030fb9ba48c,object_label_invariance,0.0,succeeded,0.0,47bb0eabb030fb9ba48c:synonym,0.0,1.0,succeeded,test,synonym,,,,,
47bb0eabb030fb9ba48c,object_absent_control,0.0,succeeded,0.0,47bb0eabb030fb9ba48c:absent,0.0,0.0,succeeded,test,absent,,,,,
4c84e8e13cdfc1571a3e,object_label_invariance,1.0,succeeded,0.0,4c84e8e13cdfc1571a3e:canonical,1.0,1.0,succeeded,test,canonical,,,,,
4c84e8e13cdfc1571a3e,object_label_invariance,0.0,succeeded,0.0,4c84e8e13cdfc1571a3e:uppercase,0.0,1.0,succeeded,test,uppercase,,,,,
4c84e8e13cdfc1571a3e,object_label_invariance,0.0,succeeded,0.0,4c84e8e13cdfc1571a3e:synonym,0.0,1.0,succeeded,test,synonym,,,,,
4c84e8e13cdfc1571a3e,object_absent_control,0.0,succeeded,0.0,4c84e8e13cdfc1571a3e:absent,0.0,0.0,succeeded,test,absent,,,,,
4f3b6efe3dd1ec84c486,object_label_invariance,1.0,succeeded,0.0,4f3b6efe3dd1ec84c486:canonical,1.0,1.0,succeeded,test,canonical,,,,,
4f3b6efe3dd1ec84c486,object_label_invariance,0.0,succeeded,0.0,4f3b6efe3dd1ec84c486:uppercase,0.0,1.0,succeeded,test,uppercase,,,,,
4f3b6efe3dd1ec84c486,object_label_invariance,0.0,succeeded,0.0,4f3b6efe3dd1ec84c486:synonym,0.0,1.0,succeeded,test,synonym,,,,,
4f3b6efe3dd1ec84c486,object_absent_control,0.0,succeeded,0.0,4f3b6efe3dd1ec84c486:absent,0.0,0.0,succeeded,test,absent,,,,,
50982fe25d73be528fd0,object_label_invariance,1.0,succeeded,0.0,50982fe25d73be528fd0:canonical,1.0,1.0,succeeded,test,canonical,,,,,
50982fe25d73be528fd0,object_label_invariance,0.0,succeeded,0.0,50982fe25d73be528fd0:uppercase,0.0,1.0,succeeded,test,uppercase,,,,,
50982fe25d73be528fd0,object_label_invariance,0.0,succeeded,0.0,50982fe25d73be528fd0:synonym,0.0,1.0,succeeded,test,synonym,,,,,
50982fe25d73be528fd0,object_absent_control,0.0,succeeded,0.0,50982fe25d73be528fd0:absent,0.0,0.0,succeeded,test,absent,,,,,
5107ba0d22f4869fd971,object_label_invariance,1.0,succeeded,0.0,5107ba0d22f4869fd971:canonical,1.0,1.0,succeeded,dev,canonical,,,,,
5107ba0d22f4869fd971,object_label_invariance,0.0,succeeded,0.0,5107ba0d22f4869fd971:uppercase,0.0,1.0,succeeded,dev,uppercase,,,,,
5107ba0d22f4869fd971,object_label_invariance,0.0,succeeded,0.0,5107ba0d22f4869fd971:synonym,0.0,1.0,succeeded,dev,synonym,,,,,
5107ba0d22f4869fd971,object_absent_control,0.0,succeeded,0.0,5107ba0d22f4869fd971:absent,0.0,0.0,succeeded,dev,absent,,,,,
5662797c6d4c27f9f770,object_label_invariance,1.0,succeeded,0.0,5662797c6d4c27f9f770:canonical,1.0,1.0,succeeded,dev,canonical,,,,,
5662797c6d4c27f9f770,object_label_invariance,0.0,succeeded,0.0,5662797c6d4c27f9f770:uppercase,0.0,1.0,succeeded,dev,uppercase,,,,,
5662797c6d4c27f9f770,object_label_invariance,0.0,succeeded,0.0,5662797c6d4c27f9f770:synonym,0.0,1.0,succeeded,dev,synonym,,,,,
5662797c6d4c27f9f770,object_absent_control,0.0,succeeded,0.0,5662797c6d4c27f9f770:absent,0.0,0.0,succeeded,dev,absent,,,,,
008cf1d73ad9d83fb48f,color_visibility_denominator,1.0,succeeded,,008cf1d73ad9d83fb48f:visibility:1.0,,1.0,succeeded,test,,1.0,1.0,succeeded,succeeded,1.0
008cf1d73ad9d83fb48f,color_visibility_denominator,1.0,succeeded,,008cf1d73ad9d83fb48f:visibility:0.75,,0.75,succeeded,test,,1.0,1.0,succeeded,succeeded,0.75
008cf1d73ad9d83fb48f,color_visibility_denominator,1.0,succeeded,,008cf1d73ad9d83fb48f:visibility:0.5,,0.5,succeeded,test,,1.0,1.0,succeeded,succeeded,0.5
008cf1d73ad9d83fb48f,color_visibility_denominator,1.0,succeeded,,008cf1d73ad9d83fb48f:visibility:0.25,,0.25,succeeded,test,,1.0,1.0,succeeded,succeeded,0.25
008cf1d73ad9d83fb48f,color_visibility_denominator,,dropped_by_official,,008cf1d73ad9d83fb48f:visibility:0.0,,0.0,succeeded,test,,,,dropped_by_condition,dropped_by_condition,0.0
008cf1d73ad9d83fb48f,color_synonym_control,,dropped_by_official,,008cf1d73ad9d83fb48f:synonym,,1.0,succeeded,test,,,1.0,succeeded,dropped_by_condition,1.0
013a582e290cf7b6109c,color_visibility_denominator,1.0,succeeded,,013a582e290cf7b6109c:visibility:1.0,,1.0,succeeded,test,,1.0,1.0,succeeded,succeeded,1.0
013a582e290cf7b6109c,color_visibility_denominator,0.875,succeeded,,013a582e290cf7b6109c:visibility:0.75,,0.75,succeeded,test,,0.9333333333333333,0.8,succeeded,succeeded,0.75
013a582e290cf7b6109c,color_visibility_denominator,0.7333333333333333,succeeded,,013a582e290cf7b6109c:visibility:0.5,,0.5,succeeded,test,,0.9166666666666666,0.6666666666666666,succeeded,succeeded,0.5
013a582e290cf7b6109c,color_visibility_denominator,0.5333333333333333,succeeded,,013a582e290cf7b6109c:visibility:0.25,,0.25,succeeded,test,,0.7272727272727273,0.36363636363636365,succeeded,succeeded,0.25
013a582e290cf7b6109c,color_visibility_denominator,0.4,succeeded,,013a582e290cf7b6109c:visibility:0.0,,0.0,succeeded,test,,0.6,0.0,succeeded,succeeded,0.0
013a582e290cf7b6109c,color_synonym_control,,dropped_by_official,,013a582e290cf7b6109c:synonym,,1.0,succeeded,test,,,1.0,succeeded,dropped_by_condition,1.0
1191409152a26c2e3a7b,color_visibility_denominator,1.0,succeeded,,1191409152a26c2e3a7b:visibility:1.0,,0.875,succeeded,test,,1.0,0.875,succeeded,succeeded,1.0
1191409152a26c2e3a7b,color_visibility_denominator,1.0,succeeded,,1191409152a26c2e3a7b:visibility:0.75,,0.625,succeeded,test,,1.0,0.8333333333333334,succeeded,succeeded,0.75
1191409152a26c2e3a7b,color_visibility_denominator,1.0,succeeded,,1191409152a26c2e3a7b:visibility:0.5,,0.4375,succeeded,test,,1.0,0.7777777777777778,succeeded,succeeded,0.5
1191409152a26c2e3a7b,color_visibility_denominator,1.0,succeeded,,1191409152a26c2e3a7b:visibility:0.25,,0.25,succeeded,test,,1.0,0.8,succeeded,succeeded,0.25
1191409152a26c2e3a7b,color_visibility_denominator,0.75,succeeded,,1191409152a26c2e3a7b:visibility:0.0,,0.1875,succeeded,test,,1.0,1.0,succeeded,succeeded,0.0
1191409152a26c2e3a7b,color_synonym_control,,dropped_by_official,,1191409152a26c2e3a7b:synonym,,0.875,succeeded,test,,,0.875,succeeded,dropped_by_condition,1.0
2483a015995b733ff350,color_visibility_denominator,1.0,succeeded,,2483a015995b733ff350:visibility:1.0,,1.0,succeeded,test,,1.0,1.0,succeeded,succeeded,1.0
2483a015995b733ff350,color_visibility_denominator,1.0,succeeded,,2483a015995b733ff350:visibility:0.75,,0.9375,succeeded,test,,1.0,0.9375,succeeded,succeeded,0.75
2483a015995b733ff350,color_visibility_denominator,1.0,succeeded,,2483a015995b733ff350:visibility:0.5,,0.8125,succeeded,test,,1.0,0.8666666666666667,succeeded,succeeded,0.5
2483a015995b733ff350,color_visibility_denominator,1.0,succeeded,,2483a015995b733ff350:visibility:0.25,,0.5625,succeeded,test,,1.0,0.6428571428571429,succeeded,succeeded,0.25
2483a015995b733ff350,color_visibility_denominator,1.0,succeeded,,2483a015995b733ff350:visibility:0.0,,0.375,succeeded,test,,0.8571428571428571,0.42857142857142855,succeeded,succeeded,0.0
2483a015995b733ff350,color_synonym_control,,dropped_by_official,,2483a015995b733ff350:synonym,,1.0,succeeded,test,,,1.0,succeeded,dropped_by_condition,1.0
357738f0c9ffc6b001b9,color_visibility_denominator,1.0,succeeded,,357738f0c9ffc6b001b9:visibility:1.0,,1.0,succeeded,test,,1.0,1.0,succeeded,succeeded,1.0
357738f0c9ffc6b001b9,color_visibility_denominator,1.0,succeeded,,357738f0c9ffc6b001b9:visibility:0.75,,0.75,succeeded,test,,1.0,1.0,succeeded,succeeded,0.75
357738f0c9ffc6b001b9,color_visibility_denominator,1.0,succeeded,,357738f0c9ffc6b001b9:visibility:0.5,,0.5,succeeded,test,,1.0,1.0,succeeded,succeeded,0.5
357738f0c9ffc6b001b9,color_visibility_denominator,1.0,succeeded,,357738f0c9ffc6b001b9:visibility:0.25,,0.25,succeeded,test,,1.0,1.0,succeeded,succeeded,0.25
357738f0c9ffc6b001b9,color_visibility_denominator,,dropped_by_official,,357738f0c9ffc6b001b9:visibility:0.0,,0.0,succeeded,test,,,,dropped_by_condition,dropped_by_condition,0.0
357738f0c9ffc6b001b9,color_synonym_control,,dropped_by_official,,357738f0c9ffc6b001b9:synonym,,1.0,succeeded,test,,,1.0,succeeded,dropped_by_condition,1.0
45da8c2232669ce73b0d,color_visibility_denominator,0.0,succeeded,,45da8c2232669ce73b0d:visibility:1.0,,0.0,succeeded,dev,,0.0,0.0,succeeded,succeeded,1.0
45da8c2232669ce73b0d,color_visibility_denominator,0.0,succeeded,,45da8c2232669ce73b0d:visibility:0.75,,0.0,succeeded,dev,,0.0,0.0,succeeded,succeeded,0.75
45da8c2232669ce73b0d,color_visibility_denominator,0.0,succeeded,,45da8c2232669ce73b0d:visibility:0.5,,0.0,succeeded,dev,,0.0,0.0,succeeded,succeeded,0.5
45da8c2232669ce73b0d,color_visibility_denominator,0.0,succeeded,,45da8c2232669ce73b0d:visibility:0.25,,0.0,succeeded,dev,,0.0,0.0,succeeded,succeeded,0.25
45da8c2232669ce73b0d,color_visibility_denominator,0.0,succeeded,,45da8c2232669ce73b0d:visibility:0.0,,0.0,succeeded,dev,,0.0,0.0,succeeded,succeeded,0.0
45da8c2232669ce73b0d,color_synonym_control,,dropped_by_official,,45da8c2232669ce73b0d:synonym,,0.0,succeeded,dev,,,0.0,succeeded,dropped_by_condition,1.0
49fce5ff3ddd74a04f0d,color_visibility_denominator,1.0,succeeded,,49fce5ff3ddd74a04f0d:visibility:1.0,,1.0,succeeded,dev,,1.0,1.0,succeeded,succeeded,1.0
49fce5ff3ddd74a04f0d,color_visibility_denominator,0.75,succeeded,,49fce5ff3ddd74a04f0d:visibility:0.75,,0.75,succeeded,dev,,0.75,0.8,succeeded,succeeded,0.75
49fce5ff3ddd74a04f0d,color_visibility_denominator,0.5,succeeded,,49fce5ff3ddd74a04f0d:visibility:0.5,,0.5,succeeded,dev,,0.5,0.5333333333333333,succeeded,succeeded,0.5
49fce5ff3ddd74a04f0d,color_visibility_denominator,0.25,succeeded,,49fce5ff3ddd74a04f0d:visibility:0.25,,0.25,succeeded,dev,,0.25,0.3076923076923077,succeeded,succeeded,0.25
49fce5ff3ddd74a04f0d,color_visibility_denominator,0.0,succeeded,,49fce5ff3ddd74a04f0d:visibility:0.0,,0.0,succeeded,dev,,0.0,0.0,succeeded,succeeded,0.0
49fce5ff3ddd74a04f0d,color_synonym_control,,dropped_by_official,,49fce5ff3ddd74a04f0d:synonym,,1.0,succeeded,dev,,,1.0,succeeded,dropped_by_condition,1.0
