dimension,stage,split,base_id,query_uid,score,status
object_class,old_string_official,test,067d83642a45da492b3e,067d83642a45da492b3e:canonical,1.0,succeeded
object_class,old_string_official,test,15f2ee65eccc7813c5a8,15f2ee65eccc7813c5a8:canonical,1.0,succeeded
object_class,old_string_official,test,1736abb91ae7667952ff,1736abb91ae7667952ff:canonical,1.0,succeeded
object_class,old_string_official,test,1bd29565e4d7646286c6,1bd29565e4d7646286c6:canonical,1.0,succeeded
object_class,old_string_official,test,1c3e4841315ea957362f,1c3e4841315ea957362f:canonical,1.0,succeeded
object_class,old_string_official,test,1cb78dba07d74a7bd099,1cb78dba07d74a7bd099:canonical,1.0,succeeded
object_class,old_string_official,test,1fe740b56828f4cc402f,1fe740b56828f4cc402f:canonical,1.0,succeeded
object_class,old_string_official,test,22c8586101346a587f22,22c8586101346a587f22:canonical,1.0,succeeded
object_class,old_string_official,test,33afb0cd686b57fec7d2,33afb0cd686b57fec7d2:canonical,1.0,succeeded
object_class,old_string_official,test,45aa82a214b52f19d081,45aa82a214b52f19d081:canonical,0.875,succeeded
object_class,old_string_official,test,47bb0eabb030fb9ba48c,47bb0eabb030fb9ba48c:canonical,1.0,succeeded
object_class,old_string_official,test,4c84e8e13cdfc1571a3e,4c84e8e13cdfc1571a3e:canonical,1.0,succeeded
object_class,old_string_official,test,4f3b6efe3dd1ec84c486,4f3b6efe3dd1ec84c486:canonical,1.0,succeeded
object_class,old_string_official,test,50982fe25d73be528fd0,50982fe25d73be528fd0:canonical,1.0,succeeded
object_class,deterministic_alias_repair,test,067d83642a45da492b3e,067d83642a45da492b3e:canonical,1.0,succeeded
object_class,deterministic_alias_repair,test,15f2ee65eccc7813c5a8,15f2ee65eccc7813c5a8:canonical,1.0,succeeded
object_class,deterministic_alias_repair,test,1736abb91ae7667952ff,1736abb91ae7667952ff:canonical,1.0,succeeded
object_class,deterministic_alias_repair,test,1bd29565e4d7646286c6,1bd29565e4d7646286c6:canonical,1.0,succeeded
object_class,deterministic_alias_repair,test,1c3e4841315ea957362f,1c3e4841315ea957362f:canonical,1.0,succeeded
object_class,deterministic_alias_repair,test,1cb78dba07d74a7bd099,1cb78dba07d74a7bd099:canonical,1.0,succeeded
object_class,deterministic_alias_repair,test,1fe740b56828f4cc402f,1fe740b56828f4cc402f:canonical,1.0,succeeded
object_class,deterministic_alias_repair,test,22c8586101346a587f22,22c8586101346a587f22:canonical,1.0,succeeded
object_class,deterministic_alias_repair,test,33afb0cd686b57fec7d2,33afb0cd686b57fec7d2:canonical,1.0,succeeded
object_class,deterministic_alias_repair,test,45aa82a214b52f19d081,45aa82a214b52f19d081:canonical,0.875,succeeded
object_class,deterministic_alias_repair,test,47bb0eabb030fb9ba48c,47bb0eabb030fb9ba48c:canonical,1.0,succeeded
object_class,deterministic_alias_repair,test,4c84e8e13cdfc1571a3e,4c84e8e13cdfc1571a3e:canonical,1.0,succeeded
object_class,deterministic_alias_repair,test,4f3b6efe3dd1ec84c486,4f3b6efe3dd1ec84c486:canonical,1.0,succeeded
object_class,deterministic_alias_repair,test,50982fe25d73be528fd0,50982fe25d73be528fd0:canonical,1.0,succeeded
object_class,unfinetuned_same_base_repair,test,067d83642a45da492b3e,067d83642a45da492b3e:canonical,0.0,succeeded
object_class,unfinetuned_same_base_repair,test,15f2ee65eccc7813c5a8,15f2ee65eccc7813c5a8:canonical,0.0,succeeded
object_class,unfinetuned_same_base_repair,test,1736abb91ae7667952ff,1736abb91ae7667952ff:canonical,0.0,succeeded
object_class,unfinetuned_same_base_repair,test,1bd29565e4d7646286c6,1bd29565e4d7646286c6:canonical,1.0,succeeded
object_class,unfinetuned_same_base_repair,test,1c3e4841315ea957362f,1c3e4841315ea957362f:canonical,1.0,succeeded
object_class,unfinetuned_same_base_repair,test,1cb78dba07d74a7bd099,1cb78dba07d74a7bd099:canonical,0.0,succeeded
object_class,unfinetuned_same_base_repair,test,1fe740b56828f4cc402f,1fe740b56828f4cc402f:canonical,1.0,succeeded
object_class,unfinetuned_same_base_repair,test,22c8586101346a587f22,22c8586101346a587f22:canonical,1.0,succeeded
object_class,unfinetuned_same_base_repair,test,33afb0cd686b57fec7d2,33afb0cd686b57fec7d2:canonical,1.0,succeeded
object_class,unfinetuned_same_base_repair,test,45aa82a214b52f19d081,45aa82a214b52f19d081:canonical,0.875,succeeded
object_class,unfinetuned_same_base_repair,test,47bb0eabb030fb9ba48c,47bb0eabb030fb9ba48c:canonical,0.0,succeeded
object_class,unfinetuned_same_base_repair,test,4c84e8e13cdfc1571a3e,4c84e8e13cdfc1571a3e:canonical,1.0,succeeded
object_class,unfinetuned_same_base_repair,test,4f3b6efe3dd1ec84c486,4f3b6efe3dd1ec84c486:canonical,1.0,succeeded
object_class,unfinetuned_same_base_repair,test,50982fe25d73be528fd0,50982fe25d73be528fd0:canonical,1.0,succeeded
object_class,independent_lora_repair,test,067d83642a45da492b3e,067d83642a45da492b3e:canonical,1.0,succeeded
object_class,independent_lora_repair,test,15f2ee65eccc7813c5a8,15f2ee65eccc7813c5a8:canonical,1.0,succeeded
object_class,independent_lora_repair,test,1736abb91ae7667952ff,1736abb91ae7667952ff:canonical,1.0,succeeded
object_class,independent_lora_repair,test,1bd29565e4d7646286c6,1bd29565e4d7646286c6:canonical,1.0,succeeded
object_class,independent_lora_repair,test,1c3e4841315ea957362f,1c3e4841315ea957362f:canonical,1.0,succeeded
object_class,independent_lora_repair,test,1cb78dba07d74a7bd099,1cb78dba07d74a7bd099:canonical,1.0,succeeded
object_class,independent_lora_repair,test,1fe740b56828f4cc402f,1fe740b56828f4cc402f:canonical,1.0,succeeded
object_class,independent_lora_repair,test,22c8586101346a587f22,22c8586101346a587f22:canonical,1.0,succeeded
object_class,independent_lora_repair,test,33afb0cd686b57fec7d2,33afb0cd686b57fec7d2:canonical,1.0,succeeded
object_class,independent_lora_repair,test,45aa82a214b52f19d081,45aa82a214b52f19d081:canonical,0.875,succeeded
object_class,independent_lora_repair,test,47bb0eabb030fb9ba48c,47bb0eabb030fb9ba48c:canonical,1.0,succeeded
object_class,independent_lora_repair,test,4c84e8e13cdfc1571a3e,4c84e8e13cdfc1571a3e:canonical,1.0,succeeded
object_class,independent_lora_repair,test,4f3b6efe3dd1ec84c486,4f3b6efe3dd1ec84c486:canonical,1.0,succeeded
object_class,independent_lora_repair,test,50982fe25d73be528fd0,50982fe25d73be528fd0:canonical,1.0,succeeded
color,old_string_official,test,008cf1d73ad9d83fb48f,008cf1d73ad9d83fb48f:visibility:1.0,1.0,succeeded
color,old_string_official,test,013a582e290cf7b6109c,013a582e290cf7b6109c:visibility:1.0,1.0,succeeded
color,old_string_official,test,1191409152a26c2e3a7b,1191409152a26c2e3a7b:visibility:1.0,1.0,succeeded
color,old_string_official,test,2483a015995b733ff350,2483a015995b733ff350:visibility:1.0,1.0,succeeded
color,old_string_official,test,357738f0c9ffc6b001b9,357738f0c9ffc6b001b9:visibility:1.0,1.0,succeeded
color,deterministic_alias_repair,test,008cf1d73ad9d83fb48f,008cf1d73ad9d83fb48f:visibility:1.0,1.0,succeeded
color,deterministic_alias_repair,test,013a582e290cf7b6109c,013a582e290cf7b6109c:visibility:1.0,1.0,succeeded
color,deterministic_alias_repair,test,1191409152a26c2e3a7b,1191409152a26c2e3a7b:visibility:1.0,0.875,succeeded
color,deterministic_alias_repair,test,2483a015995b733ff350,2483a015995b733ff350:visibility:1.0,1.0,succeeded
color,deterministic_alias_repair,test,357738f0c9ffc6b001b9,357738f0c9ffc6b001b9:visibility:1.0,1.0,succeeded
color,unfinetuned_same_base_repair,test,008cf1d73ad9d83fb48f,008cf1d73ad9d83fb48f:visibility:1.0,1.0,succeeded
color,unfinetuned_same_base_repair,test,013a582e290cf7b6109c,013a582e290cf7b6109c:visibility:1.0,1.0,succeeded
color,unfinetuned_same_base_repair,test,1191409152a26c2e3a7b,1191409152a26c2e3a7b:visibility:1.0,0.875,succeeded
color,unfinetuned_same_base_repair,test,2483a015995b733ff350,2483a015995b733ff350:visibility:1.0,1.0,succeeded
color,unfinetuned_same_base_repair,test,357738f0c9ffc6b001b9,357738f0c9ffc6b001b9:visibility:1.0,1.0,succeeded
color,independent_lora_repair,test,008cf1d73ad9d83fb48f,008cf1d73ad9d83fb48f:visibility:1.0,1.0,succeeded
color,independent_lora_repair,test,013a582e290cf7b6109c,013a582e290cf7b6109c:visibility:1.0,1.0,succeeded
color,independent_lora_repair,test,1191409152a26c2e3a7b,1191409152a26c2e3a7b:visibility:1.0,0.875,succeeded
color,independent_lora_repair,test,2483a015995b733ff350,2483a015995b733ff350:visibility:1.0,1.0,succeeded
color,independent_lora_repair,test,357738f0c9ffc6b001b9,357738f0c9ffc6b001b9:visibility:1.0,1.0,succeeded
