dimension,metric,estimate,ci_lower,ci_upper,n_bootstrap,cluster_unit,seed
dynamics_degree,zero_margin_pair_accuracy,0.6844961240310078,0.6340891472868218,0.7333333333333333,2000,prompt_id,20260911
dynamics_degree,frozen_test_tie_aware_accuracy,0.6844961240310078,0.6340891472868218,0.7333333333333333,2000,prompt_id,20260911
dynamics_degree,kendall_tau_b,0.4612136100459302,0.3771705509374292,0.5432362815769783,2000,prompt_id,20260911
subject_consistency,zero_margin_pair_accuracy,0.5844961240310077,0.5496124031007752,0.6186046511627907,2000,prompt_id,20260911
subject_consistency,frozen_test_tie_aware_accuracy,0.5852713178294574,0.5511434108527132,0.6193798449612403,2000,prompt_id,20260911
subject_consistency,kendall_tau_b,0.38295104239978933,0.3170758815194257,0.44281187980852527,2000,prompt_id,20260911
human_action,zero_margin_pair_accuracy,0.5533333333333333,0.4961111111111111,0.6161111111111112,2000,prompt_id,20260911
human_action,frozen_test_tie_aware_accuracy,0.5533333333333333,0.4961111111111111,0.6161111111111112,2000,prompt_id,20260911
human_action,kendall_tau_b,0.2651611587299364,0.194178832721961,0.3376319668083303,2000,prompt_id,20260911
spatial_relationship,zero_margin_pair_accuracy,0.5054421768707483,0.46190476190476193,0.545578231292517,2000,prompt_id,20260911
spatial_relationship,frozen_test_tie_aware_accuracy,0.5251700680272109,0.47617346938775507,0.5728061224489795,2000,prompt_id,20260911
spatial_relationship,kendall_tau_b,0.29166025520499905,0.22019260294444098,0.3584759010474322,2000,prompt_id,20260911
