dimension,scope,kendall_tau_b,pair_count,prompt_count,inputs
dynamics_degree,dev,0.3940222680723442,870,29,"metric score_a-score_b vs human ordering {-1,0,1}; ties retained"
dynamics_degree,test,0.4612136100459302,1290,43,"metric score_a-score_b vs human ordering {-1,0,1}; ties retained"
dynamics_degree,all_supported,0.4325961504116412,2160,72,"metric score_a-score_b vs human ordering {-1,0,1}; ties retained"
subject_consistency,dev,0.3878446220544214,870,29,"metric score_a-score_b vs human ordering {-1,0,1}; ties retained"
subject_consistency,test,0.38295104239978933,1290,43,"metric score_a-score_b vs human ordering {-1,0,1}; ties retained"
subject_consistency,all_supported,0.38430322958990426,2160,72,"metric score_a-score_b vs human ordering {-1,0,1}; ties retained"
human_action,dev,0.33840806951970104,1200,40,"metric score_a-score_b vs human ordering {-1,0,1}; ties retained"
human_action,test,0.2651611587299364,1800,60,"metric score_a-score_b vs human ordering {-1,0,1}; ties retained"
human_action,all_supported,0.2921457691723112,3000,100,"metric score_a-score_b vs human ordering {-1,0,1}; ties retained"
spatial_relationship,dev,0.3617074885755133,1050,35,"metric score_a-score_b vs human ordering {-1,0,1}; ties retained"
spatial_relationship,test,0.29166025520499905,1470,49,"metric score_a-score_b vs human ordering {-1,0,1}; ties retained"
spatial_relationship,all_supported,0.32005760550671963,2520,84,"metric score_a-score_b vs human ordering {-1,0,1}; ties retained"
