dimension,generator,human_win_rate,metric_win_rate,num_pairs,num_supported_pairs
dynamics_degree,cogvideo,0.3087962962962963,0.3726851851851852,1080,1080
dynamics_degree,lavie,0.5310185185185186,0.41898148148148145,1080,1080
dynamics_degree,modelscope,0.538425925925926,0.5263888888888889,1080,1080
dynamics_degree,videocraft,0.6217592592592592,0.6819444444444445,1080,1080
subject_consistency,cogvideo,0.5574074074074075,0.575,1080,1080
subject_consistency,lavie,0.6824074074074075,0.674074074074074,1080,1080
subject_consistency,modelscope,0.5912037037037037,0.49722222222222223,1080,1080
subject_consistency,videocraft,0.16898148148148148,0.2537037037037037,1080,1080
human_action,cogvideo,0.4093333333333333,0.4186666666666667,1500,1500
human_action,lavie,0.5813333333333334,0.5453333333333333,1500,1500
human_action,modelscope,0.5306666666666666,0.516,1500,1500
human_action,videocraft,0.4786666666666667,0.52,1500,1500
spatial_relationship,cogvideo,0.4531746031746032,0.37976190476190474,1620,1260
spatial_relationship,lavie,0.45714285714285713,0.5226190476190476,1620,1260
spatial_relationship,modelscope,0.5273809523809524,0.5321428571428571,1620,1260
spatial_relationship,videocraft,0.5623015873015873,0.5654761904761905,1620,1260
