Scheme,Level,Complete videos,Target (CI),Background (CI),Target minus background (CI)
Origin,0.5,67,"0.4235 [0.3093, 0.5386]","0.5336 [0.4306, 0.6586]","-0.1101 [-0.2042, -0.0363]"
Origin,0.8,47,"0.1529 [0.0727, 0.2465]","0.5106 [0.3760, 0.6510]","-0.3577 [-0.4869, -0.2398]"
Origin,1.0,25,"0.0775 [0.0060, 0.1667]","0.4825 [0.3289, 0.6304]","-0.4050 [-0.5962, -0.2266]"
Repair-model,0.5,67,"0.3946 [0.2802, 0.5040]","0.5168 [0.4119, 0.6386]","-0.1222 [-0.2181, -0.0446]"
Repair-model,0.8,47,"0.1277 [0.0479, 0.2206]","0.5013 [0.3655, 0.6449]","-0.3737 [-0.5016, -0.2500]"
Repair-model,1.0,25,"0.0500 [0.0000, 0.1161]","0.4725 [0.3125, 0.6190]","-0.4225 [-0.6010, -0.2545]"
Repair-rule,0.5,67,"0.3946 [0.2802, 0.5040]","0.5168 [0.4119, 0.6386]","-0.1222 [-0.2181, -0.0446]"
Repair-rule,0.8,47,"0.1277 [0.0479, 0.2206]","0.5013 [0.3655, 0.6449]","-0.3737 [-0.5016, -0.2500]"
Repair-rule,1.0,25,"0.0500 [0.0000, 0.1161]","0.4725 [0.3125, 0.6190]","-0.4225 [-0.6010, -0.2545]"
